Unity Editor version:    2021.3.25f1 (68ef2c4f8861)
Branch:                  2021.3/staging
Build type:              Release
Batch mode:              YES
macOS version:           Version 13.0.1 (Build 22A400)
Darwin version:          22.1.0
Architecture:            arm64
Running under Rosetta:   NO
Available memory:        16384 MB
Using pre-set license
Pro License: YES

COMMAND LINE ARGUMENTS:
/Users/Shy/Documents/Unity/2021.3.25f1/Unity.app/Contents/MacOS/Unity
-adb2
-batchMode
-noUpm
-name
AssetImportWorker0
-projectPath
/Users/Shy/Documents/RandomEvents
-logFile
Logs/AssetImportWorker0.log
-srvPort
50926
Successfully changed project path to: /Users/Shy/Documents/RandomEvents
/Users/Shy/Documents/RandomEvents
[UnityMemory] Configuration Parameters - Can be set up in boot.config
    "memorysetup-bucket-allocator-granularity=16"
    "memorysetup-bucket-allocator-bucket-count=8"
    "memorysetup-bucket-allocator-block-size=33554432"
    "memorysetup-bucket-allocator-block-count=8"
    "memorysetup-main-allocator-block-size=16777216"
    "memorysetup-thread-allocator-block-size=16777216"
    "memorysetup-gfx-main-allocator-block-size=16777216"
    "memorysetup-gfx-thread-allocator-block-size=16777216"
    "memorysetup-cache-allocator-block-size=4194304"
    "memorysetup-typetree-allocator-block-size=2097152"
    "memorysetup-profiler-bucket-allocator-granularity=16"
    "memorysetup-profiler-bucket-allocator-bucket-count=8"
    "memorysetup-profiler-bucket-allocator-block-size=33554432"
    "memorysetup-profiler-bucket-allocator-block-count=8"
    "memorysetup-profiler-allocator-block-size=16777216"
    "memorysetup-profiler-editor-allocator-block-size=1048576"
    "memorysetup-temp-allocator-size-main=16777216"
    "memorysetup-job-temp-allocator-block-size=2097152"
    "memorysetup-job-temp-allocator-block-size-background=1048576"
    "memorysetup-job-temp-allocator-reduction-small-platforms=262144"
    "memorysetup-temp-allocator-size-background-worker=32768"
    "memorysetup-temp-allocator-size-job-worker=262144"
    "memorysetup-temp-allocator-size-preload-manager=33554432"
    "memorysetup-temp-allocator-size-nav-mesh-worker=65536"
    "memorysetup-temp-allocator-size-audio-worker=65536"
    "memorysetup-temp-allocator-size-cloud-worker=32768"
    "memorysetup-temp-allocator-size-gi-baking-worker=262144"
    "memorysetup-temp-allocator-size-gfx=262144"
Player connection [8175609088] Host "[IP] 172.20.10.2 [Port] 0 [Flags] 2 [Guid] 912263730 [EditorId] 912263730 [Version] 1048832 [Id] OSXEditor(0,MacBook-Pro-Shy.local) [Debug] 1 [PackageName] OSXEditor [ProjectName] Editor" joined multi-casting on [225.0.0.222:54997]...

Player connection [8175609088] Host "[IP] 172.20.10.2 [Port] 0 [Flags] 2 [Guid] 912263730 [EditorId] 912263730 [Version] 1048832 [Id] OSXEditor(0,MacBook-Pro-Shy.local) [Debug] 1 [PackageName] OSXEditor [ProjectName] Editor" joined alternative multi-casting on [225.0.0.222:34997]...

Refreshing native plugins compatible for Editor in 50.96 ms, found 2 plugins.
Preloading 0 native plugins for Editor in 0.00 ms.
Initialize engine version: 2021.3.25f1 (68ef2c4f8861)
[Subsystems] Discovering subsystems at path /Users/Shy/Documents/Unity/2021.3.25f1/Unity.app/Contents/Resources/UnitySubsystems
[Subsystems] Discovering subsystems at path /Users/Shy/Documents/RandomEvents/Assets
GfxDevice: creating device client; threaded=0; jobified=0
 preferred device: Apple M1 Pro (high power)
Metal devices available: 1
0: Apple M1 Pro (high power)
Using device Apple M1 Pro (high power)
Initializing Metal device caps: Apple M1 Pro
Initialize mono
Mono path[0] = '/Users/Shy/Documents/Unity/2021.3.25f1/Unity.app/Contents/Managed'
Mono path[1] = '/Users/Shy/Documents/Unity/2021.3.25f1/Unity.app/Contents/MonoBleedingEdge/lib/mono/unityjit-macos'
Mono config path = '/Users/Shy/Documents/Unity/2021.3.25f1/Unity.app/Contents/MonoBleedingEdge/etc'
Using monoOptions --debugger-agent=transport=dt_socket,embedding=1,server=y,suspend=n,address=127.0.0.1:56035
Begin MonoManager ReloadAssembly
Registering precompiled unity dll's ...
Register platform support module: /Users/Shy/Documents/Unity/2021.3.25f1/Unity.app/Contents/PlaybackEngines/MacStandaloneSupport/UnityEditor.OSXStandalone.Extensions.dll
Registered in 0.000588 seconds.
Native extension for OSXStandalone target not found
Refreshing native plugins compatible for Editor in 56.98 ms, found 2 plugins.
Preloading 0 native plugins for Editor in 0.00 ms.
Mono: successfully reloaded assembly
- Completed reload, in  0.408 seconds
Domain Reload Profiling:
	ReloadAssembly (408ms)
		BeginReloadAssembly (43ms)
			ExecutionOrderSort (0ms)
			DisableScriptedObjects (0ms)
			BackupInstance (0ms)
			ReleaseScriptingObjects (0ms)
			CreateAndSetChildDomain (0ms)
		EndReloadAssembly (303ms)
			LoadAssemblies (42ms)
			RebuildTransferFunctionScriptingTraits (0ms)
			SetupTypeCache (79ms)
			ReleaseScriptCaches (0ms)
			RebuildScriptCaches (25ms)
			SetupLoadedEditorAssemblies (171ms)
				LogAssemblyErrors (0ms)
				InitializePlatformSupportModulesInManaged (4ms)
				SetLoadedEditorAssemblies (0ms)
				RefreshPlugins (57ms)
				BeforeProcessingInitializeOnLoad (1ms)
				ProcessInitializeOnLoadAttributes (83ms)
				ProcessInitializeOnLoadMethodAttributes (26ms)
				AfterProcessingInitializeOnLoad (0ms)
				EditorAssembliesLoaded (0ms)
			ExecutionOrderSort2 (0ms)
			AwakeInstancesAfterBackupRestoration (0ms)
Platform modules already initialized, skipping
Registering precompiled user dll's ...
Registered in 0.001207 seconds.
Begin MonoManager ReloadAssembly
Symbol file LoadedFromMemory doesn't match image /Users/Shy/Documents/RandomEvents/Library/PackageCache/com.unity.visualscripting@1.8.0/Editor/VisualScripting.Core/Dependencies/YamlDotNet/Unity.VisualScripting.YamlDotNet.dll
Symbol file LoadedFromMemory doesn't match image /Users/Shy/Documents/RandomEvents/Library/PackageCache/com.unity.visualscripting@1.8.0/Editor/VisualScripting.Core/Dependencies/DotNetZip/Unity.VisualScripting.IonicZip.dll
Native extension for OSXStandalone target not found
Refreshing native plugins compatible for Editor in 0.32 ms, found 2 plugins.
Preloading 0 native plugins for Editor in 0.00 ms.
Mono: successfully reloaded assembly
- Completed reload, in  0.575 seconds
Domain Reload Profiling:
	ReloadAssembly (576ms)
		BeginReloadAssembly (64ms)
			ExecutionOrderSort (0ms)
			DisableScriptedObjects (3ms)
			BackupInstance (0ms)
			ReleaseScriptingObjects (0ms)
			CreateAndSetChildDomain (14ms)
		EndReloadAssembly (445ms)
			LoadAssemblies (36ms)
			RebuildTransferFunctionScriptingTraits (0ms)
			SetupTypeCache (151ms)
			ReleaseScriptCaches (0ms)
			RebuildScriptCaches (40ms)
			SetupLoadedEditorAssemblies (197ms)
				LogAssemblyErrors (0ms)
				InitializePlatformSupportModulesInManaged (2ms)
				SetLoadedEditorAssemblies (0ms)
				RefreshPlugins (0ms)
				BeforeProcessingInitializeOnLoad (44ms)
				ProcessInitializeOnLoadAttributes (137ms)
				ProcessInitializeOnLoadMethodAttributes (11ms)
				AfterProcessingInitializeOnLoad (1ms)
				EditorAssembliesLoaded (0ms)
			ExecutionOrderSort2 (0ms)
			AwakeInstancesAfterBackupRestoration (2ms)
Platform modules already initialized, skipping
========================================================================
Worker process is ready to serve import requests
Launching external process: /Users/Shy/Documents/Unity/2021.3.25f1/Unity.app/Contents/Tools/UnityShaderCompiler
Launched and connected shader compiler UnityShaderCompiler after 0.05 seconds
Refreshing native plugins compatible for Editor in 0.31 ms, found 2 plugins.
Preloading 0 native plugins for Editor in 0.00 ms.
Unloading 2931 Unused Serialized files (Serialized files now loaded: 0)
Unloading 21 unused Assets / (Unknown). Loaded Objects now: 3394.
Memory consumption went from 100.1 MB to 100.1 MB.
Total: 2.104417 ms (FindLiveObjects: 0.092541 ms CreateObjectMapping: 0.031625 ms MarkObjects: 1.928875 ms  DeleteObjects: 0.050833 ms)

AssetImportParameters requested are different than current active one (requested -> active):
  custom:video-decoder-ogg-theora: a1e56fd34408186e4bbccfd4996cb3dc -> 
  custom:container-muxer-webm: aa71ff27fc2769a1b78a27578f13a17b -> 
  custom:container-demuxer-webm: 4f35f7cbe854078d1ac9338744f61a02 -> 
  custom:video-encoder-webm-vp8: eb34c28f22e8b96e1ab97ce403110664 -> 
  custom:framework-osx-AVFoundation: e770b220cccbd017edd2c1fefb359320 -> 
  custom:audio-encoder-webm-vorbis: bf7c407c2cedff20999df2af8eb42d56 -> 
  custom:container-demuxer-ogg: 62fdf1f143b41e24485cea50d1cbac27 -> 
  custom:video-decoder-webm-vp8: 9c59270c3fd7afecdb556c50c9e8de78 -> 
  custom:audio-decoder-ogg-vorbis: bf7c407c2cedff20999df2af8eb42d56 -> 
========================================================================
Received Import Request.
  Time since last request: 16055.451733 seconds.
  path: Assets/Sounds/BackgroundMusic/Loyalty_Freak_Music_-_07_-_A_really_dark_alley.mp3
  artifactKey: Guid(32659996817b14dee828e70334b7f561) Importer(815301076,1909f56bfc062723c751e8b465ee728b)
Start importing Assets/Sounds/BackgroundMusic/Loyalty_Freak_Music_-_07_-_A_really_dark_alley.mp3 using Guid(32659996817b14dee828e70334b7f561) Importer(815301076,1909f56bfc062723c751e8b465ee728b)  -> (artifact id: 'd48f55bf67e201b2d004364603846c1a') in 0.113409 seconds 
========================================================================
Received Prepare
Registering precompiled user dll's ...
Registered in 0.001790 seconds.
Begin MonoManager ReloadAssembly
Thread 0x294747000 may have been prematurely finalized
Symbol file LoadedFromMemory doesn't match image /Users/Shy/Documents/RandomEvents/Library/PackageCache/com.unity.visualscripting@1.8.0/Editor/VisualScripting.Core/Dependencies/YamlDotNet/Unity.VisualScripting.YamlDotNet.dll
Symbol file LoadedFromMemory doesn't match image /Users/Shy/Documents/RandomEvents/Library/PackageCache/com.unity.visualscripting@1.8.0/Editor/VisualScripting.Core/Dependencies/DotNetZip/Unity.VisualScripting.IonicZip.dll
Native extension for OSXStandalone target not found
Refreshing native plugins compatible for Editor in 0.31 ms, found 2 plugins.
Preloading 0 native plugins for Editor in 0.00 ms.
Mono: successfully reloaded assembly
- Completed reload, in  0.542 seconds
Domain Reload Profiling:
	ReloadAssembly (542ms)
		BeginReloadAssembly (75ms)
			ExecutionOrderSort (0ms)
			DisableScriptedObjects (3ms)
			BackupInstance (0ms)
			ReleaseScriptingObjects (0ms)
			CreateAndSetChildDomain (23ms)
		EndReloadAssembly (408ms)
			LoadAssemblies (35ms)
			RebuildTransferFunctionScriptingTraits (0ms)
			SetupTypeCache (151ms)
			ReleaseScriptCaches (1ms)
			RebuildScriptCaches (32ms)
			SetupLoadedEditorAssemblies (166ms)
				LogAssemblyErrors (0ms)
				InitializePlatformSupportModulesInManaged (2ms)
				SetLoadedEditorAssemblies (0ms)
				RefreshPlugins (0ms)
				BeforeProcessingInitializeOnLoad (31ms)
				ProcessInitializeOnLoadAttributes (119ms)
				ProcessInitializeOnLoadMethodAttributes (12ms)
				AfterProcessingInitializeOnLoad (1ms)
				EditorAssembliesLoaded (0ms)
			ExecutionOrderSort2 (0ms)
			AwakeInstancesAfterBackupRestoration (2ms)
Platform modules already initialized, skipping
Refreshing native plugins compatible for Editor in 0.61 ms, found 2 plugins.
Preloading 0 native plugins for Editor in 0.00 ms.
Unloading 2912 Unused Serialized files (Serialized files now loaded: 0)
Unloading 14 unused Assets / (22.0 KB). Loaded Objects now: 3407.
Memory consumption went from 104.9 MB to 104.9 MB.
Total: 2.070166 ms (FindLiveObjects: 0.102458 ms CreateObjectMapping: 0.035250 ms MarkObjects: 1.917750 ms  DeleteObjects: 0.014083 ms)

AssetImportParameters requested are different than current active one (requested -> active):
  custom:video-decoder-ogg-theora: a1e56fd34408186e4bbccfd4996cb3dc -> 
  custom:container-muxer-webm: aa71ff27fc2769a1b78a27578f13a17b -> 
  custom:container-demuxer-webm: 4f35f7cbe854078d1ac9338744f61a02 -> 
  custom:video-encoder-webm-vp8: eb34c28f22e8b96e1ab97ce403110664 -> 
  custom:framework-osx-AVFoundation: e770b220cccbd017edd2c1fefb359320 -> 
  custom:audio-encoder-webm-vorbis: bf7c407c2cedff20999df2af8eb42d56 -> 
  custom:container-demuxer-ogg: 62fdf1f143b41e24485cea50d1cbac27 -> 
  custom:video-decoder-webm-vp8: 9c59270c3fd7afecdb556c50c9e8de78 -> 
  custom:audio-decoder-ogg-vorbis: bf7c407c2cedff20999df2af8eb42d56 -> 
========================================================================
Received Prepare
Registering precompiled user dll's ...
Registered in 0.001167 seconds.
Begin MonoManager ReloadAssembly
Thread 0x2862e7000 may have been prematurely finalized
Symbol file LoadedFromMemory doesn't match image /Users/Shy/Documents/RandomEvents/Library/PackageCache/com.unity.visualscripting@1.8.0/Editor/VisualScripting.Core/Dependencies/YamlDotNet/Unity.VisualScripting.YamlDotNet.dll
Symbol file LoadedFromMemory doesn't match image /Users/Shy/Documents/RandomEvents/Library/PackageCache/com.unity.visualscripting@1.8.0/Editor/VisualScripting.Core/Dependencies/DotNetZip/Unity.VisualScripting.IonicZip.dll
Native extension for OSXStandalone target not found
Refreshing native plugins compatible for Editor in 0.33 ms, found 2 plugins.
Preloading 0 native plugins for Editor in 0.00 ms.
Mono: successfully reloaded assembly
- Completed reload, in  0.541 seconds
Domain Reload Profiling:
	ReloadAssembly (542ms)
		BeginReloadAssembly (74ms)
			ExecutionOrderSort (0ms)
			DisableScriptedObjects (3ms)
			BackupInstance (0ms)
			ReleaseScriptingObjects (0ms)
			CreateAndSetChildDomain (22ms)
		EndReloadAssembly (410ms)
			LoadAssemblies (35ms)
			RebuildTransferFunctionScriptingTraits (0ms)
			SetupTypeCache (148ms)
			ReleaseScriptCaches (1ms)
			RebuildScriptCaches (33ms)
			SetupLoadedEditorAssemblies (170ms)
				LogAssemblyErrors (0ms)
				InitializePlatformSupportModulesInManaged (2ms)
				SetLoadedEditorAssemblies (0ms)
				RefreshPlugins (0ms)
				BeforeProcessingInitializeOnLoad (31ms)
				ProcessInitializeOnLoadAttributes (123ms)
				ProcessInitializeOnLoadMethodAttributes (12ms)
				AfterProcessingInitializeOnLoad (1ms)
				EditorAssembliesLoaded (0ms)
			ExecutionOrderSort2 (0ms)
			AwakeInstancesAfterBackupRestoration (2ms)
Platform modules already initialized, skipping
Refreshing native plugins compatible for Editor in 0.72 ms, found 2 plugins.
Preloading 0 native plugins for Editor in 0.00 ms.
Unloading 2912 Unused Serialized files (Serialized files now loaded: 0)
Unloading 14 unused Assets / (21.9 KB). Loaded Objects now: 3410.
Memory consumption went from 104.9 MB to 104.9 MB.
Total: 1.990084 ms (FindLiveObjects: 0.092334 ms CreateObjectMapping: 0.032208 ms MarkObjects: 1.849417 ms  DeleteObjects: 0.015709 ms)

AssetImportParameters requested are different than current active one (requested -> active):
  custom:video-decoder-ogg-theora: a1e56fd34408186e4bbccfd4996cb3dc -> 
  custom:container-muxer-webm: aa71ff27fc2769a1b78a27578f13a17b -> 
  custom:container-demuxer-webm: 4f35f7cbe854078d1ac9338744f61a02 -> 
  custom:video-encoder-webm-vp8: eb34c28f22e8b96e1ab97ce403110664 -> 
  custom:framework-osx-AVFoundation: e770b220cccbd017edd2c1fefb359320 -> 
  custom:audio-encoder-webm-vorbis: bf7c407c2cedff20999df2af8eb42d56 -> 
  custom:container-demuxer-ogg: 62fdf1f143b41e24485cea50d1cbac27 -> 
  custom:video-decoder-webm-vp8: 9c59270c3fd7afecdb556c50c9e8de78 -> 
  custom:audio-decoder-ogg-vorbis: bf7c407c2cedff20999df2af8eb42d56 -> 
========================================================================
Received Prepare
Registering precompiled user dll's ...
Registered in 0.001269 seconds.
Begin MonoManager ReloadAssembly
Thread 0x2862e7000 may have been prematurely finalized
Symbol file LoadedFromMemory doesn't match image /Users/Shy/Documents/RandomEvents/Library/PackageCache/com.unity.visualscripting@1.8.0/Editor/VisualScripting.Core/Dependencies/YamlDotNet/Unity.VisualScripting.YamlDotNet.dll
Symbol file LoadedFromMemory doesn't match image /Users/Shy/Documents/RandomEvents/Library/PackageCache/com.unity.visualscripting@1.8.0/Editor/VisualScripting.Core/Dependencies/DotNetZip/Unity.VisualScripting.IonicZip.dll
Native extension for OSXStandalone target not found
Refreshing native plugins compatible for Editor in 0.30 ms, found 2 plugins.
Preloading 0 native plugins for Editor in 0.00 ms.
Mono: successfully reloaded assembly
- Completed reload, in  0.543 seconds
Domain Reload Profiling:
	ReloadAssembly (544ms)
		BeginReloadAssembly (74ms)
			ExecutionOrderSort (0ms)
			DisableScriptedObjects (3ms)
			BackupInstance (0ms)
			ReleaseScriptingObjects (0ms)
			CreateAndSetChildDomain (22ms)
		EndReloadAssembly (410ms)
			LoadAssemblies (34ms)
			RebuildTransferFunctionScriptingTraits (0ms)
			SetupTypeCache (153ms)
			ReleaseScriptCaches (1ms)
			RebuildScriptCaches (32ms)
			SetupLoadedEditorAssemblies (166ms)
				LogAssemblyErrors (0ms)
				InitializePlatformSupportModulesInManaged (2ms)
				SetLoadedEditorAssemblies (0ms)
				RefreshPlugins (0ms)
				BeforeProcessingInitializeOnLoad (31ms)
				ProcessInitializeOnLoadAttributes (119ms)
				ProcessInitializeOnLoadMethodAttributes (12ms)
				AfterProcessingInitializeOnLoad (1ms)
				EditorAssembliesLoaded (0ms)
			ExecutionOrderSort2 (0ms)
			AwakeInstancesAfterBackupRestoration (2ms)
Platform modules already initialized, skipping
Refreshing native plugins compatible for Editor in 0.64 ms, found 2 plugins.
Preloading 0 native plugins for Editor in 0.00 ms.
Unloading 2912 Unused Serialized files (Serialized files now loaded: 0)
Unloading 14 unused Assets / (22.0 KB). Loaded Objects now: 3413.
Memory consumption went from 104.9 MB to 104.9 MB.
Total: 1.851792 ms (FindLiveObjects: 0.086917 ms CreateObjectMapping: 0.031708 ms MarkObjects: 1.708625 ms  DeleteObjects: 0.020708 ms)

AssetImportParameters requested are different than current active one (requested -> active):
  custom:video-decoder-ogg-theora: a1e56fd34408186e4bbccfd4996cb3dc -> 
  custom:container-muxer-webm: aa71ff27fc2769a1b78a27578f13a17b -> 
  custom:container-demuxer-webm: 4f35f7cbe854078d1ac9338744f61a02 -> 
  custom:video-encoder-webm-vp8: eb34c28f22e8b96e1ab97ce403110664 -> 
  custom:framework-osx-AVFoundation: e770b220cccbd017edd2c1fefb359320 -> 
  custom:audio-encoder-webm-vorbis: bf7c407c2cedff20999df2af8eb42d56 -> 
  custom:container-demuxer-ogg: 62fdf1f143b41e24485cea50d1cbac27 -> 
  custom:video-decoder-webm-vp8: 9c59270c3fd7afecdb556c50c9e8de78 -> 
  custom:audio-decoder-ogg-vorbis: bf7c407c2cedff20999df2af8eb42d56 -> 
========================================================================
Received Prepare
Registering precompiled user dll's ...
Registered in 0.001702 seconds.
Begin MonoManager ReloadAssembly
Thread 0x2862e7000 may have been prematurely finalized
Symbol file LoadedFromMemory doesn't match image /Users/Shy/Documents/RandomEvents/Library/PackageCache/com.unity.visualscripting@1.8.0/Editor/VisualScripting.Core/Dependencies/YamlDotNet/Unity.VisualScripting.YamlDotNet.dll
Symbol file LoadedFromMemory doesn't match image /Users/Shy/Documents/RandomEvents/Library/PackageCache/com.unity.visualscripting@1.8.0/Editor/VisualScripting.Core/Dependencies/DotNetZip/Unity.VisualScripting.IonicZip.dll
Native extension for OSXStandalone target not found
Refreshing native plugins compatible for Editor in 0.31 ms, found 2 plugins.
Preloading 0 native plugins for Editor in 0.00 ms.
Mono: successfully reloaded assembly
- Completed reload, in  0.544 seconds
Domain Reload Profiling:
	ReloadAssembly (544ms)
		BeginReloadAssembly (76ms)
			ExecutionOrderSort (0ms)
			DisableScriptedObjects (3ms)
			BackupInstance (0ms)
			ReleaseScriptingObjects (0ms)
			CreateAndSetChildDomain (23ms)
		EndReloadAssembly (409ms)
			LoadAssemblies (36ms)
			RebuildTransferFunctionScriptingTraits (0ms)
			SetupTypeCache (152ms)
			ReleaseScriptCaches (1ms)
			RebuildScriptCaches (32ms)
			SetupLoadedEditorAssemblies (165ms)
				LogAssemblyErrors (0ms)
				InitializePlatformSupportModulesInManaged (2ms)
				SetLoadedEditorAssemblies (0ms)
				RefreshPlugins (0ms)
				BeforeProcessingInitializeOnLoad (31ms)
				ProcessInitializeOnLoadAttributes (118ms)
				ProcessInitializeOnLoadMethodAttributes (12ms)
				AfterProcessingInitializeOnLoad (1ms)
				EditorAssembliesLoaded (0ms)
			ExecutionOrderSort2 (0ms)
			AwakeInstancesAfterBackupRestoration (2ms)
Platform modules already initialized, skipping
Refreshing native plugins compatible for Editor in 0.63 ms, found 2 plugins.
Preloading 0 native plugins for Editor in 0.00 ms.
Unloading 2912 Unused Serialized files (Serialized files now loaded: 0)
Unloading 14 unused Assets / (22.1 KB). Loaded Objects now: 3416.
Memory consumption went from 104.9 MB to 104.9 MB.
Total: 1.810209 ms (FindLiveObjects: 0.092833 ms CreateObjectMapping: 0.033208 ms MarkObjects: 1.669834 ms  DeleteObjects: 0.013709 ms)

AssetImportParameters requested are different than current active one (requested -> active):
  custom:video-decoder-ogg-theora: a1e56fd34408186e4bbccfd4996cb3dc -> 
  custom:container-muxer-webm: aa71ff27fc2769a1b78a27578f13a17b -> 
  custom:container-demuxer-webm: 4f35f7cbe854078d1ac9338744f61a02 -> 
  custom:video-encoder-webm-vp8: eb34c28f22e8b96e1ab97ce403110664 -> 
  custom:framework-osx-AVFoundation: e770b220cccbd017edd2c1fefb359320 -> 
  custom:audio-encoder-webm-vorbis: bf7c407c2cedff20999df2af8eb42d56 -> 
  custom:container-demuxer-ogg: 62fdf1f143b41e24485cea50d1cbac27 -> 
  custom:video-decoder-webm-vp8: 9c59270c3fd7afecdb556c50c9e8de78 -> 
  custom:audio-decoder-ogg-vorbis: bf7c407c2cedff20999df2af8eb42d56 -> 
========================================================================
Received Prepare
Registering precompiled user dll's ...
Registered in 0.001573 seconds.
Begin MonoManager ReloadAssembly
Thread 0x2862e7000 may have been prematurely finalized
Symbol file LoadedFromMemory doesn't match image /Users/Shy/Documents/RandomEvents/Library/PackageCache/com.unity.visualscripting@1.8.0/Editor/VisualScripting.Core/Dependencies/YamlDotNet/Unity.VisualScripting.YamlDotNet.dll
Symbol file LoadedFromMemory doesn't match image /Users/Shy/Documents/RandomEvents/Library/PackageCache/com.unity.visualscripting@1.8.0/Editor/VisualScripting.Core/Dependencies/DotNetZip/Unity.VisualScripting.IonicZip.dll
Native extension for OSXStandalone target not found
Refreshing native plugins compatible for Editor in 0.31 ms, found 2 plugins.
Preloading 0 native plugins for Editor in 0.00 ms.
Mono: successfully reloaded assembly
- Completed reload, in  0.545 seconds
Domain Reload Profiling:
	ReloadAssembly (545ms)
		BeginReloadAssembly (76ms)
			ExecutionOrderSort (0ms)
			DisableScriptedObjects (3ms)
			BackupInstance (0ms)
			ReleaseScriptingObjects (0ms)
			CreateAndSetChildDomain (23ms)
		EndReloadAssembly (411ms)
			LoadAssemblies (35ms)
			RebuildTransferFunctionScriptingTraits (0ms)
			SetupTypeCache (150ms)
			ReleaseScriptCaches (1ms)
			RebuildScriptCaches (32ms)
			SetupLoadedEditorAssemblies (169ms)
				LogAssemblyErrors (0ms)
				InitializePlatformSupportModulesInManaged (2ms)
				SetLoadedEditorAssemblies (0ms)
				RefreshPlugins (0ms)
				BeforeProcessingInitializeOnLoad (31ms)
				ProcessInitializeOnLoadAttributes (120ms)
				ProcessInitializeOnLoadMethodAttributes (13ms)
				AfterProcessingInitializeOnLoad (1ms)
				EditorAssembliesLoaded (0ms)
			ExecutionOrderSort2 (0ms)
			AwakeInstancesAfterBackupRestoration (3ms)
Platform modules already initialized, skipping
Refreshing native plugins compatible for Editor in 0.60 ms, found 2 plugins.
Preloading 0 native plugins for Editor in 0.00 ms.
Unloading 2912 Unused Serialized files (Serialized files now loaded: 0)
Unloading 14 unused Assets / (22.0 KB). Loaded Objects now: 3419.
Memory consumption went from 104.9 MB to 104.9 MB.
Total: 1.852000 ms (FindLiveObjects: 0.096375 ms CreateObjectMapping: 0.031584 ms MarkObjects: 1.706833 ms  DeleteObjects: 0.016583 ms)

AssetImportParameters requested are different than current active one (requested -> active):
  custom:video-decoder-ogg-theora: a1e56fd34408186e4bbccfd4996cb3dc -> 
  custom:container-muxer-webm: aa71ff27fc2769a1b78a27578f13a17b -> 
  custom:container-demuxer-webm: 4f35f7cbe854078d1ac9338744f61a02 -> 
  custom:video-encoder-webm-vp8: eb34c28f22e8b96e1ab97ce403110664 -> 
  custom:framework-osx-AVFoundation: e770b220cccbd017edd2c1fefb359320 -> 
  custom:audio-encoder-webm-vorbis: bf7c407c2cedff20999df2af8eb42d56 -> 
  custom:container-demuxer-ogg: 62fdf1f143b41e24485cea50d1cbac27 -> 
  custom:video-decoder-webm-vp8: 9c59270c3fd7afecdb556c50c9e8de78 -> 
  custom:audio-decoder-ogg-vorbis: bf7c407c2cedff20999df2af8eb42d56 -> 
========================================================================
Received Prepare
Registering precompiled user dll's ...
Registered in 0.001561 seconds.
Begin MonoManager ReloadAssembly
Thread 0x2862e7000 may have been prematurely finalized
Symbol file LoadedFromMemory doesn't match image /Users/Shy/Documents/RandomEvents/Library/PackageCache/com.unity.visualscripting@1.8.0/Editor/VisualScripting.Core/Dependencies/YamlDotNet/Unity.VisualScripting.YamlDotNet.dll
Symbol file LoadedFromMemory doesn't match image /Users/Shy/Documents/RandomEvents/Library/PackageCache/com.unity.visualscripting@1.8.0/Editor/VisualScripting.Core/Dependencies/DotNetZip/Unity.VisualScripting.IonicZip.dll
Native extension for OSXStandalone target not found
Refreshing native plugins compatible for Editor in 0.33 ms, found 2 plugins.
Preloading 0 native plugins for Editor in 0.00 ms.
Mono: successfully reloaded assembly
- Completed reload, in  0.544 seconds
Domain Reload Profiling:
	ReloadAssembly (544ms)
		BeginReloadAssembly (75ms)
			ExecutionOrderSort (0ms)
			DisableScriptedObjects (3ms)
			BackupInstance (0ms)
			ReleaseScriptingObjects (0ms)
			CreateAndSetChildDomain (23ms)
		EndReloadAssembly (411ms)
			LoadAssemblies (35ms)
			RebuildTransferFunctionScriptingTraits (0ms)
			SetupTypeCache (148ms)
			ReleaseScriptCaches (1ms)
			RebuildScriptCaches (33ms)
			SetupLoadedEditorAssemblies (171ms)
				LogAssemblyErrors (0ms)
				InitializePlatformSupportModulesInManaged (2ms)
				SetLoadedEditorAssemblies (0ms)
				RefreshPlugins (0ms)
				BeforeProcessingInitializeOnLoad (32ms)
				ProcessInitializeOnLoadAttributes (122ms)
				ProcessInitializeOnLoadMethodAttributes (13ms)
				AfterProcessingInitializeOnLoad (1ms)
				EditorAssembliesLoaded (0ms)
			ExecutionOrderSort2 (0ms)
			AwakeInstancesAfterBackupRestoration (3ms)
Platform modules already initialized, skipping
Refreshing native plugins compatible for Editor in 0.68 ms, found 2 plugins.
Preloading 0 native plugins for Editor in 0.00 ms.
Unloading 2912 Unused Serialized files (Serialized files now loaded: 0)
Unloading 14 unused Assets / (22.0 KB). Loaded Objects now: 3422.
Memory consumption went from 104.9 MB to 104.9 MB.
Total: 1.827458 ms (FindLiveObjects: 0.095459 ms CreateObjectMapping: 0.032291 ms MarkObjects: 1.687250 ms  DeleteObjects: 0.011834 ms)

AssetImportParameters requested are different than current active one (requested -> active):
  custom:video-decoder-ogg-theora: a1e56fd34408186e4bbccfd4996cb3dc -> 
  custom:container-muxer-webm: aa71ff27fc2769a1b78a27578f13a17b -> 
  custom:container-demuxer-webm: 4f35f7cbe854078d1ac9338744f61a02 -> 
  custom:video-encoder-webm-vp8: eb34c28f22e8b96e1ab97ce403110664 -> 
  custom:framework-osx-AVFoundation: e770b220cccbd017edd2c1fefb359320 -> 
  custom:audio-encoder-webm-vorbis: bf7c407c2cedff20999df2af8eb42d56 -> 
  custom:container-demuxer-ogg: 62fdf1f143b41e24485cea50d1cbac27 -> 
  custom:video-decoder-webm-vp8: 9c59270c3fd7afecdb556c50c9e8de78 -> 
  custom:audio-decoder-ogg-vorbis: bf7c407c2cedff20999df2af8eb42d56 -> 
========================================================================
Received Prepare
Registering precompiled user dll's ...
Registered in 0.002654 seconds.
Begin MonoManager ReloadAssembly
Thread 0x2862e7000 may have been prematurely finalized
Symbol file LoadedFromMemory doesn't match image /Users/Shy/Documents/RandomEvents/Library/PackageCache/com.unity.visualscripting@1.8.0/Editor/VisualScripting.Core/Dependencies/YamlDotNet/Unity.VisualScripting.YamlDotNet.dll
Symbol file LoadedFromMemory doesn't match image /Users/Shy/Documents/RandomEvents/Library/PackageCache/com.unity.visualscripting@1.8.0/Editor/VisualScripting.Core/Dependencies/DotNetZip/Unity.VisualScripting.IonicZip.dll
Native extension for OSXStandalone target not found
Refreshing native plugins compatible for Editor in 0.32 ms, found 2 plugins.
Preloading 0 native plugins for Editor in 0.00 ms.
Mono: successfully reloaded assembly
- Completed reload, in  0.550 seconds
Domain Reload Profiling:
	ReloadAssembly (550ms)
		BeginReloadAssembly (77ms)
			ExecutionOrderSort (0ms)
			DisableScriptedObjects (4ms)
			BackupInstance (0ms)
			ReleaseScriptingObjects (0ms)
			CreateAndSetChildDomain (24ms)
		EndReloadAssembly (415ms)
			LoadAssemblies (35ms)
			RebuildTransferFunctionScriptingTraits (0ms)
			SetupTypeCache (151ms)
			ReleaseScriptCaches (1ms)
			RebuildScriptCaches (34ms)
			SetupLoadedEditorAssemblies (168ms)
				LogAssemblyErrors (0ms)
				InitializePlatformSupportModulesInManaged (2ms)
				SetLoadedEditorAssemblies (0ms)
				RefreshPlugins (0ms)
				BeforeProcessingInitializeOnLoad (31ms)
				ProcessInitializeOnLoadAttributes (122ms)
				ProcessInitializeOnLoadMethodAttributes (11ms)
				AfterProcessingInitializeOnLoad (1ms)
				EditorAssembliesLoaded (0ms)
			ExecutionOrderSort2 (0ms)
			AwakeInstancesAfterBackupRestoration (3ms)
Platform modules already initialized, skipping
Refreshing native plugins compatible for Editor in 0.72 ms, found 2 plugins.
Preloading 0 native plugins for Editor in 0.00 ms.
Unloading 2912 Unused Serialized files (Serialized files now loaded: 0)
Unloading 14 unused Assets / (22.1 KB). Loaded Objects now: 3425.
Memory consumption went from 105.0 MB to 104.9 MB.
Total: 2.078167 ms (FindLiveObjects: 0.095708 ms CreateObjectMapping: 0.032458 ms MarkObjects: 1.934459 ms  DeleteObjects: 0.014792 ms)

AssetImportParameters requested are different than current active one (requested -> active):
  custom:video-decoder-ogg-theora: a1e56fd34408186e4bbccfd4996cb3dc -> 
  custom:container-muxer-webm: aa71ff27fc2769a1b78a27578f13a17b -> 
  custom:container-demuxer-webm: 4f35f7cbe854078d1ac9338744f61a02 -> 
  custom:video-encoder-webm-vp8: eb34c28f22e8b96e1ab97ce403110664 -> 
  custom:framework-osx-AVFoundation: e770b220cccbd017edd2c1fefb359320 -> 
  custom:audio-encoder-webm-vorbis: bf7c407c2cedff20999df2af8eb42d56 -> 
  custom:container-demuxer-ogg: 62fdf1f143b41e24485cea50d1cbac27 -> 
  custom:video-decoder-webm-vp8: 9c59270c3fd7afecdb556c50c9e8de78 -> 
  custom:audio-decoder-ogg-vorbis: bf7c407c2cedff20999df2af8eb42d56 -> 
========================================================================
Received Prepare
Registering precompiled user dll's ...
Registered in 0.001345 seconds.
Begin MonoManager ReloadAssembly
Thread 0x2862e7000 may have been prematurely finalized
Symbol file LoadedFromMemory doesn't match image /Users/Shy/Documents/RandomEvents/Library/PackageCache/com.unity.visualscripting@1.8.0/Editor/VisualScripting.Core/Dependencies/YamlDotNet/Unity.VisualScripting.YamlDotNet.dll
Symbol file LoadedFromMemory doesn't match image /Users/Shy/Documents/RandomEvents/Library/PackageCache/com.unity.visualscripting@1.8.0/Editor/VisualScripting.Core/Dependencies/DotNetZip/Unity.VisualScripting.IonicZip.dll
Native extension for OSXStandalone target not found
Refreshing native plugins compatible for Editor in 0.33 ms, found 2 plugins.
Preloading 0 native plugins for Editor in 0.00 ms.
Mono: successfully reloaded assembly
- Completed reload, in  0.548 seconds
Domain Reload Profiling:
	ReloadAssembly (548ms)
		BeginReloadAssembly (76ms)
			ExecutionOrderSort (0ms)
			DisableScriptedObjects (3ms)
			BackupInstance (0ms)
			ReleaseScriptingObjects (0ms)
			CreateAndSetChildDomain (24ms)
		EndReloadAssembly (414ms)
			LoadAssemblies (35ms)
			RebuildTransferFunctionScriptingTraits (0ms)
			SetupTypeCache (151ms)
			ReleaseScriptCaches (1ms)
			RebuildScriptCaches (31ms)
			SetupLoadedEditorAssemblies (171ms)
				LogAssemblyErrors (0ms)
				InitializePlatformSupportModulesInManaged (3ms)
				SetLoadedEditorAssemblies (0ms)
				RefreshPlugins (0ms)
				BeforeProcessingInitializeOnLoad (33ms)
				ProcessInitializeOnLoadAttributes (122ms)
				ProcessInitializeOnLoadMethodAttributes (12ms)
				AfterProcessingInitializeOnLoad (1ms)
				EditorAssembliesLoaded (0ms)
			ExecutionOrderSort2 (0ms)
			AwakeInstancesAfterBackupRestoration (2ms)
Platform modules already initialized, skipping
Refreshing native plugins compatible for Editor in 0.64 ms, found 2 plugins.
Preloading 0 native plugins for Editor in 0.00 ms.
Unloading 2912 Unused Serialized files (Serialized files now loaded: 0)
Unloading 14 unused Assets / (22.0 KB). Loaded Objects now: 3428.
Memory consumption went from 105.0 MB to 104.9 MB.
Total: 2.047625 ms (FindLiveObjects: 0.102583 ms CreateObjectMapping: 0.036834 ms MarkObjects: 1.892791 ms  DeleteObjects: 0.014875 ms)

AssetImportParameters requested are different than current active one (requested -> active):
  custom:video-decoder-ogg-theora: a1e56fd34408186e4bbccfd4996cb3dc -> 
  custom:container-muxer-webm: aa71ff27fc2769a1b78a27578f13a17b -> 
  custom:container-demuxer-webm: 4f35f7cbe854078d1ac9338744f61a02 -> 
  custom:video-encoder-webm-vp8: eb34c28f22e8b96e1ab97ce403110664 -> 
  custom:framework-osx-AVFoundation: e770b220cccbd017edd2c1fefb359320 -> 
  custom:audio-encoder-webm-vorbis: bf7c407c2cedff20999df2af8eb42d56 -> 
  custom:container-demuxer-ogg: 62fdf1f143b41e24485cea50d1cbac27 -> 
  custom:video-decoder-webm-vp8: 9c59270c3fd7afecdb556c50c9e8de78 -> 
  custom:audio-decoder-ogg-vorbis: bf7c407c2cedff20999df2af8eb42d56 -> 
========================================================================
Received Prepare
Registering precompiled user dll's ...
Registered in 0.001548 seconds.
Begin MonoManager ReloadAssembly
Thread 0x2862e7000 may have been prematurely finalized
Symbol file LoadedFromMemory doesn't match image /Users/Shy/Documents/RandomEvents/Library/PackageCache/com.unity.visualscripting@1.8.0/Editor/VisualScripting.Core/Dependencies/YamlDotNet/Unity.VisualScripting.YamlDotNet.dll
Symbol file LoadedFromMemory doesn't match image /Users/Shy/Documents/RandomEvents/Library/PackageCache/com.unity.visualscripting@1.8.0/Editor/VisualScripting.Core/Dependencies/DotNetZip/Unity.VisualScripting.IonicZip.dll
Native extension for OSXStandalone target not found
Refreshing native plugins compatible for Editor in 0.34 ms, found 2 plugins.
Preloading 0 native plugins for Editor in 0.00 ms.
Mono: successfully reloaded assembly
- Completed reload, in  0.541 seconds
Domain Reload Profiling:
	ReloadAssembly (542ms)
		BeginReloadAssembly (75ms)
			ExecutionOrderSort (0ms)
			DisableScriptedObjects (3ms)
			BackupInstance (0ms)
			ReleaseScriptingObjects (0ms)
			CreateAndSetChildDomain (23ms)
		EndReloadAssembly (406ms)
			LoadAssemblies (35ms)
			RebuildTransferFunctionScriptingTraits (0ms)
			SetupTypeCache (148ms)
			ReleaseScriptCaches (1ms)
			RebuildScriptCaches (32ms)
			SetupLoadedEditorAssemblies (168ms)
				LogAssemblyErrors (0ms)
				InitializePlatformSupportModulesInManaged (2ms)
				SetLoadedEditorAssemblies (0ms)
				RefreshPlugins (0ms)
				BeforeProcessingInitializeOnLoad (30ms)
				ProcessInitializeOnLoadAttributes (120ms)
				ProcessInitializeOnLoadMethodAttributes (13ms)
				AfterProcessingInitializeOnLoad (1ms)
				EditorAssembliesLoaded (0ms)
			ExecutionOrderSort2 (0ms)
			AwakeInstancesAfterBackupRestoration (3ms)
Platform modules already initialized, skipping
Refreshing native plugins compatible for Editor in 0.66 ms, found 2 plugins.
Preloading 0 native plugins for Editor in 0.00 ms.
Unloading 2912 Unused Serialized files (Serialized files now loaded: 0)
Unloading 14 unused Assets / (22.0 KB). Loaded Objects now: 3431.
Memory consumption went from 105.0 MB to 105.0 MB.
Total: 1.871375 ms (FindLiveObjects: 0.096250 ms CreateObjectMapping: 0.034667 ms MarkObjects: 1.725458 ms  DeleteObjects: 0.014250 ms)

AssetImportParameters requested are different than current active one (requested -> active):
  custom:video-decoder-ogg-theora: a1e56fd34408186e4bbccfd4996cb3dc -> 
  custom:container-muxer-webm: aa71ff27fc2769a1b78a27578f13a17b -> 
  custom:container-demuxer-webm: 4f35f7cbe854078d1ac9338744f61a02 -> 
  custom:video-encoder-webm-vp8: eb34c28f22e8b96e1ab97ce403110664 -> 
  custom:framework-osx-AVFoundation: e770b220cccbd017edd2c1fefb359320 -> 
  custom:audio-encoder-webm-vorbis: bf7c407c2cedff20999df2af8eb42d56 -> 
  custom:container-demuxer-ogg: 62fdf1f143b41e24485cea50d1cbac27 -> 
  custom:video-decoder-webm-vp8: 9c59270c3fd7afecdb556c50c9e8de78 -> 
  custom:audio-decoder-ogg-vorbis: bf7c407c2cedff20999df2af8eb42d56 -> 
========================================================================
Received Prepare
Registering precompiled user dll's ...
Registered in 0.001507 seconds.
Begin MonoManager ReloadAssembly
Thread 0x2862e7000 may have been prematurely finalized
Symbol file LoadedFromMemory doesn't match image /Users/Shy/Documents/RandomEvents/Library/PackageCache/com.unity.visualscripting@1.8.0/Editor/VisualScripting.Core/Dependencies/YamlDotNet/Unity.VisualScripting.YamlDotNet.dll
Symbol file LoadedFromMemory doesn't match image /Users/Shy/Documents/RandomEvents/Library/PackageCache/com.unity.visualscripting@1.8.0/Editor/VisualScripting.Core/Dependencies/DotNetZip/Unity.VisualScripting.IonicZip.dll
Native extension for OSXStandalone target not found
Refreshing native plugins compatible for Editor in 0.29 ms, found 2 plugins.
Preloading 0 native plugins for Editor in 0.00 ms.
Mono: successfully reloaded assembly
- Completed reload, in  0.514 seconds
Domain Reload Profiling:
	ReloadAssembly (514ms)
		BeginReloadAssembly (74ms)
			ExecutionOrderSort (0ms)
			DisableScriptedObjects (3ms)
			BackupInstance (0ms)
			ReleaseScriptingObjects (0ms)
			CreateAndSetChildDomain (23ms)
		EndReloadAssembly (385ms)
			LoadAssemblies (34ms)
			RebuildTransferFunctionScriptingTraits (0ms)
			SetupTypeCache (141ms)
			ReleaseScriptCaches (1ms)
			RebuildScriptCaches (29ms)
			SetupLoadedEditorAssemblies (159ms)
				LogAssemblyErrors (0ms)
				InitializePlatformSupportModulesInManaged (2ms)
				SetLoadedEditorAssemblies (0ms)
				RefreshPlugins (0ms)
				BeforeProcessingInitializeOnLoad (30ms)
				ProcessInitializeOnLoadAttributes (115ms)
				ProcessInitializeOnLoadMethodAttributes (11ms)
				AfterProcessingInitializeOnLoad (1ms)
				EditorAssembliesLoaded (0ms)
			ExecutionOrderSort2 (0ms)
			AwakeInstancesAfterBackupRestoration (2ms)
Platform modules already initialized, skipping
Refreshing native plugins compatible for Editor in 0.65 ms, found 2 plugins.
Preloading 0 native plugins for Editor in 0.00 ms.
Unloading 2912 Unused Serialized files (Serialized files now loaded: 0)
Unloading 14 unused Assets / (22.1 KB). Loaded Objects now: 3434.
Memory consumption went from 105.0 MB to 105.0 MB.
Total: 2.088542 ms (FindLiveObjects: 0.103375 ms CreateObjectMapping: 0.035916 ms MarkObjects: 1.930334 ms  DeleteObjects: 0.018166 ms)

AssetImportParameters requested are different than current active one (requested -> active):
  custom:video-decoder-ogg-theora: a1e56fd34408186e4bbccfd4996cb3dc -> 
  custom:container-muxer-webm: aa71ff27fc2769a1b78a27578f13a17b -> 
  custom:container-demuxer-webm: 4f35f7cbe854078d1ac9338744f61a02 -> 
  custom:video-encoder-webm-vp8: eb34c28f22e8b96e1ab97ce403110664 -> 
  custom:framework-osx-AVFoundation: e770b220cccbd017edd2c1fefb359320 -> 
  custom:audio-encoder-webm-vorbis: bf7c407c2cedff20999df2af8eb42d56 -> 
  custom:container-demuxer-ogg: 62fdf1f143b41e24485cea50d1cbac27 -> 
  custom:video-decoder-webm-vp8: 9c59270c3fd7afecdb556c50c9e8de78 -> 
  custom:audio-decoder-ogg-vorbis: bf7c407c2cedff20999df2af8eb42d56 -> 
========================================================================
Received Prepare
Registering precompiled user dll's ...
Registered in 0.001265 seconds.
Begin MonoManager ReloadAssembly
Thread 0x2862e7000 may have been prematurely finalized
Symbol file LoadedFromMemory doesn't match image /Users/Shy/Documents/RandomEvents/Library/PackageCache/com.unity.visualscripting@1.8.0/Editor/VisualScripting.Core/Dependencies/YamlDotNet/Unity.VisualScripting.YamlDotNet.dll
Symbol file LoadedFromMemory doesn't match image /Users/Shy/Documents/RandomEvents/Library/PackageCache/com.unity.visualscripting@1.8.0/Editor/VisualScripting.Core/Dependencies/DotNetZip/Unity.VisualScripting.IonicZip.dll
Native extension for OSXStandalone target not found
Refreshing native plugins compatible for Editor in 0.29 ms, found 2 plugins.
Preloading 0 native plugins for Editor in 0.00 ms.
Mono: successfully reloaded assembly
- Completed reload, in  0.513 seconds
Domain Reload Profiling:
	ReloadAssembly (513ms)
		BeginReloadAssembly (75ms)
			ExecutionOrderSort (0ms)
			DisableScriptedObjects (3ms)
			BackupInstance (0ms)
			ReleaseScriptingObjects (0ms)
			CreateAndSetChildDomain (24ms)
		EndReloadAssembly (382ms)
			LoadAssemblies (34ms)
			RebuildTransferFunctionScriptingTraits (0ms)
			SetupTypeCache (142ms)
			ReleaseScriptCaches (1ms)
			RebuildScriptCaches (30ms)
			SetupLoadedEditorAssemblies (155ms)
				LogAssemblyErrors (0ms)
				InitializePlatformSupportModulesInManaged (2ms)
				SetLoadedEditorAssemblies (0ms)
				RefreshPlugins (0ms)
				BeforeProcessingInitializeOnLoad (30ms)
				ProcessInitializeOnLoadAttributes (109ms)
				ProcessInitializeOnLoadMethodAttributes (11ms)
				AfterProcessingInitializeOnLoad (1ms)
				EditorAssembliesLoaded (0ms)
			ExecutionOrderSort2 (0ms)
			AwakeInstancesAfterBackupRestoration (2ms)
Platform modules already initialized, skipping
Refreshing native plugins compatible for Editor in 0.66 ms, found 2 plugins.
Preloading 0 native plugins for Editor in 0.00 ms.
Unloading 2912 Unused Serialized files (Serialized files now loaded: 0)
Unloading 14 unused Assets / (22.0 KB). Loaded Objects now: 3437.
Memory consumption went from 105.0 MB to 105.0 MB.
Total: 1.847875 ms (FindLiveObjects: 0.091417 ms CreateObjectMapping: 0.031625 ms MarkObjects: 1.712167 ms  DeleteObjects: 0.012208 ms)

AssetImportParameters requested are different than current active one (requested -> active):
  custom:video-decoder-ogg-theora: a1e56fd34408186e4bbccfd4996cb3dc -> 
  custom:container-muxer-webm: aa71ff27fc2769a1b78a27578f13a17b -> 
  custom:container-demuxer-webm: 4f35f7cbe854078d1ac9338744f61a02 -> 
  custom:video-encoder-webm-vp8: eb34c28f22e8b96e1ab97ce403110664 -> 
  custom:framework-osx-AVFoundation: e770b220cccbd017edd2c1fefb359320 -> 
  custom:audio-encoder-webm-vorbis: bf7c407c2cedff20999df2af8eb42d56 -> 
  custom:container-demuxer-ogg: 62fdf1f143b41e24485cea50d1cbac27 -> 
  custom:video-decoder-webm-vp8: 9c59270c3fd7afecdb556c50c9e8de78 -> 
  custom:audio-decoder-ogg-vorbis: bf7c407c2cedff20999df2af8eb42d56 -> 
========================================================================
Received Prepare
Registering precompiled user dll's ...
Registered in 0.001325 seconds.
Begin MonoManager ReloadAssembly
Thread 0x2862e7000 may have been prematurely finalized
Symbol file LoadedFromMemory doesn't match image /Users/Shy/Documents/RandomEvents/Library/PackageCache/com.unity.visualscripting@1.8.0/Editor/VisualScripting.Core/Dependencies/YamlDotNet/Unity.VisualScripting.YamlDotNet.dll
Symbol file LoadedFromMemory doesn't match image /Users/Shy/Documents/RandomEvents/Library/PackageCache/com.unity.visualscripting@1.8.0/Editor/VisualScripting.Core/Dependencies/DotNetZip/Unity.VisualScripting.IonicZip.dll
Native extension for OSXStandalone target not found
Refreshing native plugins compatible for Editor in 0.30 ms, found 2 plugins.
Preloading 0 native plugins for Editor in 0.00 ms.
Mono: successfully reloaded assembly
- Completed reload, in  0.518 seconds
Domain Reload Profiling:
	ReloadAssembly (519ms)
		BeginReloadAssembly (75ms)
			ExecutionOrderSort (0ms)
			DisableScriptedObjects (3ms)
			BackupInstance (0ms)
			ReleaseScriptingObjects (0ms)
			CreateAndSetChildDomain (24ms)
		EndReloadAssembly (388ms)
			LoadAssemblies (33ms)
			RebuildTransferFunctionScriptingTraits (0ms)
			SetupTypeCache (142ms)
			ReleaseScriptCaches (1ms)
			RebuildScriptCaches (31ms)
			SetupLoadedEditorAssemblies (159ms)
				LogAssemblyErrors (0ms)
				InitializePlatformSupportModulesInManaged (2ms)
				SetLoadedEditorAssemblies (0ms)
				RefreshPlugins (0ms)
				BeforeProcessingInitializeOnLoad (29ms)
				ProcessInitializeOnLoadAttributes (115ms)
				ProcessInitializeOnLoadMethodAttributes (11ms)
				AfterProcessingInitializeOnLoad (1ms)
				EditorAssembliesLoaded (0ms)
			ExecutionOrderSort2 (0ms)
			AwakeInstancesAfterBackupRestoration (2ms)
Platform modules already initialized, skipping
Refreshing native plugins compatible for Editor in 0.68 ms, found 2 plugins.
Preloading 0 native plugins for Editor in 0.00 ms.
Unloading 2912 Unused Serialized files (Serialized files now loaded: 0)
Unloading 14 unused Assets / (22.0 KB). Loaded Objects now: 3440.
Memory consumption went from 105.0 MB to 105.0 MB.
Total: 2.067584 ms (FindLiveObjects: 0.105167 ms CreateObjectMapping: 0.034541 ms MarkObjects: 1.913542 ms  DeleteObjects: 0.013750 ms)

AssetImportParameters requested are different than current active one (requested -> active):
  custom:video-decoder-ogg-theora: a1e56fd34408186e4bbccfd4996cb3dc -> 
  custom:container-muxer-webm: aa71ff27fc2769a1b78a27578f13a17b -> 
  custom:container-demuxer-webm: 4f35f7cbe854078d1ac9338744f61a02 -> 
  custom:video-encoder-webm-vp8: eb34c28f22e8b96e1ab97ce403110664 -> 
  custom:framework-osx-AVFoundation: e770b220cccbd017edd2c1fefb359320 -> 
  custom:audio-encoder-webm-vorbis: bf7c407c2cedff20999df2af8eb42d56 -> 
  custom:container-demuxer-ogg: 62fdf1f143b41e24485cea50d1cbac27 -> 
  custom:video-decoder-webm-vp8: 9c59270c3fd7afecdb556c50c9e8de78 -> 
  custom:audio-decoder-ogg-vorbis: bf7c407c2cedff20999df2af8eb42d56 -> 
========================================================================
Received Import Request.
  Time since last request: 1766.004013 seconds.
  path: Assets/Materials/kloppenheim_07_2k.hdr
  artifactKey: Guid(b5b020264ca4b4944b63e9ad638363b6) Importer(815301076,1909f56bfc062723c751e8b465ee728b)
Start importing Assets/Materials/kloppenheim_07_2k.hdr using Guid(b5b020264ca4b4944b63e9ad638363b6) Importer(815301076,1909f56bfc062723c751e8b465ee728b)  -> (artifact id: '1146024d2ca5402e6e916c816a2c3484') in 0.535511 seconds 
========================================================================
Received Import Request.
  Time since last request: 93.333480 seconds.
  path: Assets/TextMesh Pro/Fonts/LiberationSans.ttf
  artifactKey: Guid(e3265ab4bf004d28a9537516768c1c75) Importer(815301076,1909f56bfc062723c751e8b465ee728b)
Start importing Assets/TextMesh Pro/Fonts/LiberationSans.ttf using Guid(e3265ab4bf004d28a9537516768c1c75) Importer(815301076,1909f56bfc062723c751e8b465ee728b)  -> (artifact id: 'ac5527babf88dcb6ff38db90a2359374') in 1.056632 seconds 
========================================================================
Received Import Request.
  Time since last request: 0.000054 seconds.
  path: Assets/TextMesh Pro/Resources/Fonts & Materials/LiberationSans SDF - Outline.mat
  artifactKey: Guid(79459efec17a4d00a321bdcc27bbc385) Importer(815301076,1909f56bfc062723c751e8b465ee728b)
Start importing Assets/TextMesh Pro/Resources/Fonts & Materials/LiberationSans SDF - Outline.mat using Guid(79459efec17a4d00a321bdcc27bbc385) Importer(815301076,1909f56bfc062723c751e8b465ee728b)  -> (artifact id: 'da7802b6863bd3c21ea477b7d0c4551a') in 0.120152 seconds 
========================================================================
Received Import Request.
  Time since last request: 0.000033 seconds.
  path: Assets/Materials/ADG_Textures/walls_vol1/wall04/wall04b.mat
  artifactKey: Guid(f1a8571c3ef3f4d46bbdfb8b2ecdec74) Importer(815301076,1909f56bfc062723c751e8b465ee728b)
Start importing Assets/Materials/ADG_Textures/walls_vol1/wall04/wall04b.mat using Guid(f1a8571c3ef3f4d46bbdfb8b2ecdec74) Importer(815301076,1909f56bfc062723c751e8b465ee728b)  -> (artifact id: '96b87c4b33cb479aa4b6ab9a16923138') in 0.054579 seconds 
========================================================================
Received Import Request.
  Time since last request: 0.000055 seconds.
  path: Assets/Materials/ADG_Textures/walls_vol1/wall18/wall18.mat
  artifactKey: Guid(2e396b6df87a3c94e8e20e922295ec69) Importer(815301076,1909f56bfc062723c751e8b465ee728b)
Start importing Assets/Materials/ADG_Textures/walls_vol1/wall18/wall18.mat using Guid(2e396b6df87a3c94e8e20e922295ec69) Importer(815301076,1909f56bfc062723c751e8b465ee728b)  -> (artifact id: '451df04933b93c7aaee64424d543fbc2') in 0.034652 seconds 
========================================================================
Received Import Request.
  Time since last request: 0.000049 seconds.
  path: Assets/Materials/ADG_Textures/walls_vol1/wall04/wall04.mat
  artifactKey: Guid(b7efee39c51e1c94f9e535a8e6edb43b) Importer(815301076,1909f56bfc062723c751e8b465ee728b)
Start importing Assets/Materials/ADG_Textures/walls_vol1/wall04/wall04.mat using Guid(b7efee39c51e1c94f9e535a8e6edb43b) Importer(815301076,1909f56bfc062723c751e8b465ee728b)  -> (artifact id: '58d3fe0a3e765ca33d189d4d7f71a9ea') in 0.006679 seconds 
========================================================================
Received Import Request.
  Time since last request: 0.000043 seconds.
  path: Assets/Materials/ADG_Textures/walls_vol1/wall11/wall11b.mat
  artifactKey: Guid(b2394c0eb4527fe489f9cf53d290baeb) Importer(815301076,1909f56bfc062723c751e8b465ee728b)
Start importing Assets/Materials/ADG_Textures/walls_vol1/wall11/wall11b.mat using Guid(b2394c0eb4527fe489f9cf53d290baeb) Importer(815301076,1909f56bfc062723c751e8b465ee728b)  -> (artifact id: '4124ae5dfbe3d2514a04c9cb2a34bbca') in 0.008290 seconds 
========================================================================
Received Import Request.
  Time since last request: 0.000033 seconds.
  path: Assets/Materials/ADG_Textures/walls_vol1/wall02/wall02.mat
  artifactKey: Guid(ef7ea779c4b06c44dbe1512ffb506838) Importer(815301076,1909f56bfc062723c751e8b465ee728b)
Start importing Assets/Materials/ADG_Textures/walls_vol1/wall02/wall02.mat using Guid(ef7ea779c4b06c44dbe1512ffb506838) Importer(815301076,1909f56bfc062723c751e8b465ee728b)  -> (artifact id: '1325715abc435aa80b720c2020a8589a') in 0.008380 seconds 
========================================================================
Received Import Request.
  Time since last request: 0.000039 seconds.
  path: Assets/Materials/ADG_Textures/walls_vol1/wall08/wall08b.mat
  artifactKey: Guid(3302d8980be2b5742b574a2509d9e6b7) Importer(815301076,1909f56bfc062723c751e8b465ee728b)
Start importing Assets/Materials/ADG_Textures/walls_vol1/wall08/wall08b.mat using Guid(3302d8980be2b5742b574a2509d9e6b7) Importer(815301076,1909f56bfc062723c751e8b465ee728b)  -> (artifact id: '3480710dd093bd5a7ecc9903810f95c3') in 0.006752 seconds 
========================================================================
Received Import Request.
  Time since last request: 0.000046 seconds.
  path: Assets/TextMesh Pro/Resources/Fonts & Materials/LiberationSans SDF.asset
  artifactKey: Guid(8f586378b4e144a9851e7b34d9b748ee) Importer(815301076,1909f56bfc062723c751e8b465ee728b)
Start importing Assets/TextMesh Pro/Resources/Fonts & Materials/LiberationSans SDF.asset using Guid(8f586378b4e144a9851e7b34d9b748ee) Importer(815301076,1909f56bfc062723c751e8b465ee728b)  -> (artifact id: '08104e1782060f49b5c7ef3e1d6191d3') in 0.053341 seconds 
========================================================================
Received Import Request.
  Time since last request: 0.000041 seconds.
  path: Assets/Materials/ADG_Textures/walls_vol1/wall03/wall03.mat
  artifactKey: Guid(a6fa5bd2d2af7664685ca22809135b94) Importer(815301076,1909f56bfc062723c751e8b465ee728b)
Start importing Assets/Materials/ADG_Textures/walls_vol1/wall03/wall03.mat using Guid(a6fa5bd2d2af7664685ca22809135b94) Importer(815301076,1909f56bfc062723c751e8b465ee728b)  -> (artifact id: '6b0ad929c42acceb56d7c4e8a392aeb2') in 0.006574 seconds 
========================================================================
Received Import Request.
  Time since last request: 0.000040 seconds.
  path: Assets/Materials/ADG_Textures/walls_vol1/wall02/wall02b.mat
  artifactKey: Guid(ca21afdde49d342408e91ab722a0415c) Importer(815301076,1909f56bfc062723c751e8b465ee728b)
Start importing Assets/Materials/ADG_Textures/walls_vol1/wall02/wall02b.mat using Guid(ca21afdde49d342408e91ab722a0415c) Importer(815301076,1909f56bfc062723c751e8b465ee728b)  -> (artifact id: 'd32e52c538dcc95cf555f95d963aacf1') in 0.007393 seconds 
========================================================================
Received Import Request.
  Time since last request: 0.000030 seconds.
  path: Assets/Materials/ADG_Textures/walls_vol1/wall05/wall05b.mat
  artifactKey: Guid(5117b973a70f9744f946b055b48d006f) Importer(815301076,1909f56bfc062723c751e8b465ee728b)
Start importing Assets/Materials/ADG_Textures/walls_vol1/wall05/wall05b.mat using Guid(5117b973a70f9744f946b055b48d006f) Importer(815301076,1909f56bfc062723c751e8b465ee728b)  -> (artifact id: '66ae658c2d5739caa647abf59f375ad9') in 0.008064 seconds 
========================================================================
Received Import Request.
  Time since last request: 0.000027 seconds.
  path: Assets/Materials/ADG_Textures/walls_vol1/wall15/wall15.mat
  artifactKey: Guid(29f48cc2a8ed8f448a8579bc2c980c38) Importer(815301076,1909f56bfc062723c751e8b465ee728b)
Start importing Assets/Materials/ADG_Textures/walls_vol1/wall15/wall15.mat using Guid(29f48cc2a8ed8f448a8579bc2c980c38) Importer(815301076,1909f56bfc062723c751e8b465ee728b)  -> (artifact id: 'bc0bd4968dc19a33e5eb2dcada0b6237') in 0.010124 seconds 
========================================================================
Received Import Request.
  Time since last request: 0.000045 seconds.
  path: Assets/Materials/ADG_Textures/walls_vol1/wall17/wall17.mat
  artifactKey: Guid(101773f6372afc54b82c2867326d2bbe) Importer(815301076,1909f56bfc062723c751e8b465ee728b)
Start importing Assets/Materials/ADG_Textures/walls_vol1/wall17/wall17.mat using Guid(101773f6372afc54b82c2867326d2bbe) Importer(815301076,1909f56bfc062723c751e8b465ee728b)  -> (artifact id: '6e7279fe304ae97cbfcd52f7feb0d171') in 0.008676 seconds 
========================================================================
Received Import Request.
  Time since last request: 0.000065 seconds.
  path: Assets/Materials/ADG_Textures/walls_vol1/wall16/wall16.mat
  artifactKey: Guid(92f575e356de5d64e9346ceddb75dee5) Importer(815301076,1909f56bfc062723c751e8b465ee728b)
Start importing Assets/Materials/ADG_Textures/walls_vol1/wall16/wall16.mat using Guid(92f575e356de5d64e9346ceddb75dee5) Importer(815301076,1909f56bfc062723c751e8b465ee728b)  -> (artifact id: '4f9bca215e741530d37de365ef27977c') in 0.009114 seconds 
========================================================================
Received Import Request.
  Time since last request: 64.185088 seconds.
  path: Assets/Materials/kloppenheim_07_2k.hdr
  artifactKey: Guid(b5b020264ca4b4944b63e9ad638363b6) Importer(815301076,1909f56bfc062723c751e8b465ee728b)
Start importing Assets/Materials/kloppenheim_07_2k.hdr using Guid(b5b020264ca4b4944b63e9ad638363b6) Importer(815301076,1909f56bfc062723c751e8b465ee728b)  -> (artifact id: '7bd9d6896eb59bf54792a0113f26e9eb') in 0.005537 seconds 
========================================================================
Received Import Request.
  Time since last request: 151.464298 seconds.
  path: Assets/Materials/satara_night_4k.hdr
  artifactKey: Guid(9ee47ef164f0c495d8c897c951d0036a) Importer(815301076,1909f56bfc062723c751e8b465ee728b)
Start importing Assets/Materials/satara_night_4k.hdr using Guid(9ee47ef164f0c495d8c897c951d0036a) Importer(815301076,1909f56bfc062723c751e8b465ee728b)  -> (artifact id: 'fe0a0989231983248372b4dfa8f2c409') in 0.006932 seconds 
========================================================================
Received Import Request.
  Time since last request: 164.497786 seconds.
  path: Assets/Materials/Sky/Sky.mat
  artifactKey: Guid(439751b7771bf2340ad1445214dec696) Importer(815301076,1909f56bfc062723c751e8b465ee728b)
Start importing Assets/Materials/Sky/Sky.mat using Guid(439751b7771bf2340ad1445214dec696) Importer(815301076,1909f56bfc062723c751e8b465ee728b)  -> (artifact id: '91ac210d29d7b2981d04e69a7a181eb4') in 0.095244 seconds 
========================================================================
Received Import Request.
  Time since last request: 4.844939 seconds.
  path: Assets/Materials/Sky/kloppenheim_02_4k.hdr
  artifactKey: Guid(58c6897ecb07641b9a4e196f0aa1e269) Importer(815301076,1909f56bfc062723c751e8b465ee728b)
Start importing Assets/Materials/Sky/kloppenheim_02_4k.hdr using Guid(58c6897ecb07641b9a4e196f0aa1e269) Importer(815301076,1909f56bfc062723c751e8b465ee728b)  -> (artifact id: 'b52360bac25c0cba2640c9625a869f78') in 0.004545 seconds 
========================================================================
Received Prepare
Registering precompiled user dll's ...
Registered in 0.001369 seconds.
Begin MonoManager ReloadAssembly
Thread 0x2862e7000 may have been prematurely finalized
Symbol file LoadedFromMemory doesn't match image /Users/Shy/Documents/RandomEvents/Library/PackageCache/com.unity.visualscripting@1.8.0/Editor/VisualScripting.Core/Dependencies/YamlDotNet/Unity.VisualScripting.YamlDotNet.dll
Symbol file LoadedFromMemory doesn't match image /Users/Shy/Documents/RandomEvents/Library/PackageCache/com.unity.visualscripting@1.8.0/Editor/VisualScripting.Core/Dependencies/DotNetZip/Unity.VisualScripting.IonicZip.dll
Native extension for OSXStandalone target not found
Refreshing native plugins compatible for Editor in 0.39 ms, found 2 plugins.
Preloading 0 native plugins for Editor in 0.00 ms.
Mono: successfully reloaded assembly
- Completed reload, in  0.531 seconds
Domain Reload Profiling:
	ReloadAssembly (532ms)
		BeginReloadAssembly (77ms)
			ExecutionOrderSort (0ms)
			DisableScriptedObjects (2ms)
			BackupInstance (0ms)
			ReleaseScriptingObjects (0ms)
			CreateAndSetChildDomain (26ms)
		EndReloadAssembly (399ms)
			LoadAssemblies (34ms)
			RebuildTransferFunctionScriptingTraits (0ms)
			SetupTypeCache (151ms)
			ReleaseScriptCaches (1ms)
			RebuildScriptCaches (31ms)
			SetupLoadedEditorAssemblies (158ms)
				LogAssemblyErrors (0ms)
				InitializePlatformSupportModulesInManaged (2ms)
				SetLoadedEditorAssemblies (0ms)
				RefreshPlugins (0ms)
				BeforeProcessingInitializeOnLoad (30ms)
				ProcessInitializeOnLoadAttributes (113ms)
				ProcessInitializeOnLoadMethodAttributes (11ms)
				AfterProcessingInitializeOnLoad (1ms)
				EditorAssembliesLoaded (0ms)
			ExecutionOrderSort2 (0ms)
			AwakeInstancesAfterBackupRestoration (2ms)
Platform modules already initialized, skipping
Refreshing native plugins compatible for Editor in 0.77 ms, found 2 plugins.
Preloading 0 native plugins for Editor in 0.00 ms.
Unloading 2912 Unused Serialized files (Serialized files now loaded: 0)
Unloading 14 unused Assets / (22.0 KB). Loaded Objects now: 3484.
Memory consumption went from 122.0 MB to 121.9 MB.
Total: 1.971708 ms (FindLiveObjects: 0.116250 ms CreateObjectMapping: 0.035584 ms MarkObjects: 1.801625 ms  DeleteObjects: 0.017333 ms)

AssetImportParameters requested are different than current active one (requested -> active):
  custom:video-decoder-ogg-theora: a1e56fd34408186e4bbccfd4996cb3dc -> 
  custom:container-muxer-webm: aa71ff27fc2769a1b78a27578f13a17b -> 
  custom:container-demuxer-webm: 4f35f7cbe854078d1ac9338744f61a02 -> 
  custom:video-encoder-webm-vp8: eb34c28f22e8b96e1ab97ce403110664 -> 
  custom:framework-osx-AVFoundation: e770b220cccbd017edd2c1fefb359320 -> 
  custom:audio-encoder-webm-vorbis: bf7c407c2cedff20999df2af8eb42d56 -> 
  custom:container-demuxer-ogg: 62fdf1f143b41e24485cea50d1cbac27 -> 
  custom:video-decoder-webm-vp8: 9c59270c3fd7afecdb556c50c9e8de78 -> 
  custom:audio-decoder-ogg-vorbis: bf7c407c2cedff20999df2af8eb42d56 -> 
========================================================================
Received Import Request.
  Time since last request: 118.983665 seconds.
  path: Assets/Materials/Sky/farm_field_puresky_4k.hdr
  artifactKey: Guid(cce83b5ca811a45b19b4950c5d5c482b) Importer(815301076,1909f56bfc062723c751e8b465ee728b)
Start importing Assets/Materials/Sky/farm_field_puresky_4k.hdr using Guid(cce83b5ca811a45b19b4950c5d5c482b) Importer(815301076,1909f56bfc062723c751e8b465ee728b)  -> (artifact id: '072ece41a0c12783a2b9280baef0beff') in 0.030200 seconds 
========================================================================
Received Prepare
Registering precompiled user dll's ...
Registered in 0.001298 seconds.
Begin MonoManager ReloadAssembly
Thread 0x2862e7000 may have been prematurely finalized
Symbol file LoadedFromMemory doesn't match image /Users/Shy/Documents/RandomEvents/Library/PackageCache/com.unity.visualscripting@1.8.0/Editor/VisualScripting.Core/Dependencies/YamlDotNet/Unity.VisualScripting.YamlDotNet.dll
Symbol file LoadedFromMemory doesn't match image /Users/Shy/Documents/RandomEvents/Library/PackageCache/com.unity.visualscripting@1.8.0/Editor/VisualScripting.Core/Dependencies/DotNetZip/Unity.VisualScripting.IonicZip.dll
Native extension for OSXStandalone target not found
Refreshing native plugins compatible for Editor in 0.34 ms, found 2 plugins.
Preloading 0 native plugins for Editor in 0.00 ms.
Mono: successfully reloaded assembly
- Completed reload, in  0.530 seconds
Domain Reload Profiling:
	ReloadAssembly (530ms)
		BeginReloadAssembly (79ms)
			ExecutionOrderSort (0ms)
			DisableScriptedObjects (3ms)
			BackupInstance (0ms)
			ReleaseScriptingObjects (0ms)
			CreateAndSetChildDomain (26ms)
		EndReloadAssembly (395ms)
			LoadAssemblies (34ms)
			RebuildTransferFunctionScriptingTraits (0ms)
			SetupTypeCache (149ms)
			ReleaseScriptCaches (1ms)
			RebuildScriptCaches (30ms)
			SetupLoadedEditorAssemblies (158ms)
				LogAssemblyErrors (0ms)
				InitializePlatformSupportModulesInManaged (2ms)
				SetLoadedEditorAssemblies (0ms)
				RefreshPlugins (0ms)
				BeforeProcessingInitializeOnLoad (30ms)
				ProcessInitializeOnLoadAttributes (113ms)
				ProcessInitializeOnLoadMethodAttributes (11ms)
				AfterProcessingInitializeOnLoad (1ms)
				EditorAssembliesLoaded (0ms)
			ExecutionOrderSort2 (0ms)
			AwakeInstancesAfterBackupRestoration (2ms)
Platform modules already initialized, skipping
Refreshing native plugins compatible for Editor in 0.72 ms, found 2 plugins.
Preloading 0 native plugins for Editor in 0.00 ms.
Unloading 2912 Unused Serialized files (Serialized files now loaded: 0)
Unloading 14 unused Assets / (22.0 KB). Loaded Objects now: 3487.
Memory consumption went from 122.0 MB to 122.0 MB.
Total: 1.952292 ms (FindLiveObjects: 0.105542 ms CreateObjectMapping: 0.037750 ms MarkObjects: 1.795292 ms  DeleteObjects: 0.012833 ms)

AssetImportParameters requested are different than current active one (requested -> active):
  custom:video-decoder-ogg-theora: a1e56fd34408186e4bbccfd4996cb3dc -> 
  custom:container-muxer-webm: aa71ff27fc2769a1b78a27578f13a17b -> 
  custom:container-demuxer-webm: 4f35f7cbe854078d1ac9338744f61a02 -> 
  custom:video-encoder-webm-vp8: eb34c28f22e8b96e1ab97ce403110664 -> 
  custom:framework-osx-AVFoundation: e770b220cccbd017edd2c1fefb359320 -> 
  custom:audio-encoder-webm-vorbis: bf7c407c2cedff20999df2af8eb42d56 -> 
  custom:container-demuxer-ogg: 62fdf1f143b41e24485cea50d1cbac27 -> 
  custom:video-decoder-webm-vp8: 9c59270c3fd7afecdb556c50c9e8de78 -> 
  custom:audio-decoder-ogg-vorbis: bf7c407c2cedff20999df2af8eb42d56 -> 
========================================================================
Received Import Request.
  Time since last request: 150.632822 seconds.
  path: Assets/Materials/Sky/Sky.mat
  artifactKey: Guid(439751b7771bf2340ad1445214dec696) Importer(815301076,1909f56bfc062723c751e8b465ee728b)
Start importing Assets/Materials/Sky/Sky.mat using Guid(439751b7771bf2340ad1445214dec696) Importer(815301076,1909f56bfc062723c751e8b465ee728b)  -> (artifact id: 'f8cfdef3fb0614e44f962d715923f937') in 0.045366 seconds 
========================================================================
Received Import Request.
  Time since last request: 350.908387 seconds.
  path: Assets/Materials/Sky/Sky.mat
  artifactKey: Guid(439751b7771bf2340ad1445214dec696) Importer(815301076,1909f56bfc062723c751e8b465ee728b)
Start importing Assets/Materials/Sky/Sky.mat using Guid(439751b7771bf2340ad1445214dec696) Importer(815301076,1909f56bfc062723c751e8b465ee728b)  -> (artifact id: '64c38e92ea8dc3b4364b5ca752dd737e') in 0.018429 seconds 
========================================================================
Received Import Request.
  Time since last request: 30.112358 seconds.
  path: Assets/Materials/Sky/AllSkyFree/_AllSkyFreeDemoEnvironment/AdditiveSprite.mat
  artifactKey: Guid(55c04ce684cb542debc357409498bc4e) Importer(815301076,1909f56bfc062723c751e8b465ee728b)
Start importing Assets/Materials/Sky/AllSkyFree/_AllSkyFreeDemoEnvironment/AdditiveSprite.mat using Guid(55c04ce684cb542debc357409498bc4e) Importer(815301076,1909f56bfc062723c751e8b465ee728b)  -> (artifact id: '80c696067ded9ddc303f0de6437d2739') in 0.085270 seconds 
========================================================================
Received Import Request.
  Time since last request: 0.000064 seconds.
  path: Assets/Materials/Sky/AllSkyFree/_AllSkyFreeDemoEnvironment/Moon Glare.flare
  artifactKey: Guid(abbc1e6231a944490a02e2ad613ec906) Importer(815301076,1909f56bfc062723c751e8b465ee728b)
Start importing Assets/Materials/Sky/AllSkyFree/_AllSkyFreeDemoEnvironment/Moon Glare.flare using Guid(abbc1e6231a944490a02e2ad613ec906) Importer(815301076,1909f56bfc062723c751e8b465ee728b)  -> (artifact id: '43b33ebba3cfe91e3642125a53ec0406') in 0.023836 seconds 
========================================================================
Received Import Request.
  Time since last request: 0.000042 seconds.
  path: Assets/Materials/Sky/AllSkyFree/_AllSkyFreeDemoEnvironment/AllSky_DemoEnvironment_Center.fbx
  artifactKey: Guid(258cb4865d37b4292be3195af50aaa8c) Importer(815301076,1909f56bfc062723c751e8b465ee728b)
Start importing Assets/Materials/Sky/AllSkyFree/_AllSkyFreeDemoEnvironment/AllSky_DemoEnvironment_Center.fbx using Guid(258cb4865d37b4292be3195af50aaa8c) Importer(815301076,1909f56bfc062723c751e8b465ee728b)  -> (artifact id: '0e50bced466ad987de65149e23fd93fd') in 0.093932 seconds 
========================================================================
Received Import Request.
  Time since last request: 0.000048 seconds.
  path: Assets/Materials/Sky/AllSkyFree/_AllSkyFreeDemoEnvironment/AllSky_DemoEnvironment02.fbx
  artifactKey: Guid(e8f07670fb0274e35a65e6e98594a930) Importer(815301076,1909f56bfc062723c751e8b465ee728b)
Start importing Assets/Materials/Sky/AllSkyFree/_AllSkyFreeDemoEnvironment/AllSky_DemoEnvironment02.fbx using Guid(e8f07670fb0274e35a65e6e98594a930) Importer(815301076,1909f56bfc062723c751e8b465ee728b)  -> (artifact id: 'd6df83608cc3dac91f1dac80ce55a02a') in 0.013242 seconds 
========================================================================
Received Import Request.
  Time since last request: 0.000033 seconds.
  path: Assets/Materials/Sky/AllSkyFree/_AllSkyFreeDemoEnvironment/Sun Glare.flare
  artifactKey: Guid(b5a6cf5f31f1943c587519cdea1e27dc) Importer(815301076,1909f56bfc062723c751e8b465ee728b)
Start importing Assets/Materials/Sky/AllSkyFree/_AllSkyFreeDemoEnvironment/Sun Glare.flare using Guid(b5a6cf5f31f1943c587519cdea1e27dc) Importer(815301076,1909f56bfc062723c751e8b465ee728b)  -> (artifact id: '1c2c466ff5c02c973272739bfd9360e9') in 0.001021 seconds 
========================================================================
Received Import Request.
  Time since last request: 0.000045 seconds.
  path: Assets/Materials/Sky/AllSkyFree/_AllSkyFreeDemoEnvironment/MoonGlow.prefab
  artifactKey: Guid(cbbc4ba2ae44f43b1b809ffb964ac38e) Importer(815301076,1909f56bfc062723c751e8b465ee728b)
Start importing Assets/Materials/Sky/AllSkyFree/_AllSkyFreeDemoEnvironment/MoonGlow.prefab using Guid(cbbc4ba2ae44f43b1b809ffb964ac38e) Importer(815301076,1909f56bfc062723c751e8b465ee728b)  -> (artifact id: 'cbd2d17f2cae93336fe5e576b4a85aef') in 0.024701 seconds 
========================================================================
Received Import Request.
  Time since last request: 0.000053 seconds.
  path: Assets/Materials/Sky/AllSkyFree/_AllSkyFreeDemoEnvironment/Mountain Glare.flare
  artifactKey: Guid(2a00ea45fcd354f66aa8d68da3f62026) Importer(815301076,1909f56bfc062723c751e8b465ee728b)
Start importing Assets/Materials/Sky/AllSkyFree/_AllSkyFreeDemoEnvironment/Mountain Glare.flare using Guid(2a00ea45fcd354f66aa8d68da3f62026) Importer(815301076,1909f56bfc062723c751e8b465ee728b)  -> (artifact id: '88f820b77f306bb6e3de11cbb87326f2') in 0.000845 seconds 
========================================================================
Received Import Request.
  Time since last request: 0.000078 seconds.
  path: Assets/Materials/Sky/AllSkyFree/_AllSkyFreeDemoEnvironment/SunGlare.psd
  artifactKey: Guid(85a4e5125000348519b7a18a518e6a69) Importer(815301076,1909f56bfc062723c751e8b465ee728b)
Start importing Assets/Materials/Sky/AllSkyFree/_AllSkyFreeDemoEnvironment/SunGlare.psd using Guid(85a4e5125000348519b7a18a518e6a69) Importer(815301076,1909f56bfc062723c751e8b465ee728b)  -> (artifact id: '5f99c42b6ff4b3c13034e3239f9dc914') in 0.505727 seconds 
========================================================================
Received Import Request.
  Time since last request: 5.985992 seconds.
  path: Assets/Materials/Sky/AllSkyFree/Cartoon Base BlueSky/Sky_Day_BlueSky_Equirect.png
  artifactKey: Guid(d4c8dc343ae5d4673b7720ffdb1ddf00) Importer(815301076,1909f56bfc062723c751e8b465ee728b)
Start importing Assets/Materials/Sky/AllSkyFree/Cartoon Base BlueSky/Sky_Day_BlueSky_Equirect.png using Guid(d4c8dc343ae5d4673b7720ffdb1ddf00) Importer(815301076,1909f56bfc062723c751e8b465ee728b)  -> (artifact id: 'a2b2114b5c41281b3a61e16a11fc8100') in 0.348095 seconds 
========================================================================
Received Import Request.
  Time since last request: 0.000063 seconds.
  path: Assets/Materials/Sky/AllSkyFree/Cartoon Base BlueSky/Sky_Day_BlueSky_Nothing_Cam_1_Back-Z.png
  artifactKey: Guid(33cbefefe2c7f4e77ac959c74eef5d4d) Importer(815301076,1909f56bfc062723c751e8b465ee728b)
Start importing Assets/Materials/Sky/AllSkyFree/Cartoon Base BlueSky/Sky_Day_BlueSky_Nothing_Cam_1_Back-Z.png using Guid(33cbefefe2c7f4e77ac959c74eef5d4d) Importer(815301076,1909f56bfc062723c751e8b465ee728b)  -> (artifact id: 'b5e2ab86958588f6d1b0ff6b5c03e59e') in 0.004673 seconds 
========================================================================
Received Import Request.
  Time since last request: 0.000042 seconds.
  path: Assets/Materials/Sky/AllSkyFree/Cartoon Base BlueSky/Sky_Day_BlueSky_Nothing_Cam_4_Up+Y.png
  artifactKey: Guid(5cf2d5ca2357a4d4fb98ebc5b6034e72) Importer(815301076,1909f56bfc062723c751e8b465ee728b)
Start importing Assets/Materials/Sky/AllSkyFree/Cartoon Base BlueSky/Sky_Day_BlueSky_Nothing_Cam_4_Up+Y.png using Guid(5cf2d5ca2357a4d4fb98ebc5b6034e72) Importer(815301076,1909f56bfc062723c751e8b465ee728b)  -> (artifact id: '7cbaa0624bf6f012555be683a8a6dc4e') in 0.006689 seconds 
========================================================================
Received Import Request.
  Time since last request: 0.119442 seconds.
  path: Assets/Materials/Sky/AllSkyFree/Cartoon Base NightSky/Cartoon Base NightSky.mat
  artifactKey: Guid(aa78c8d403a8547fe86d1f74239e6b03) Importer(815301076,1909f56bfc062723c751e8b465ee728b)
Start importing Assets/Materials/Sky/AllSkyFree/Cartoon Base NightSky/Cartoon Base NightSky.mat using Guid(aa78c8d403a8547fe86d1f74239e6b03) Importer(815301076,1909f56bfc062723c751e8b465ee728b)  -> (artifact id: '20986cb938db4938fb311063bdaa46f2') in 0.272500 seconds 
========================================================================
Received Import Request.
  Time since last request: 0.884525 seconds.
  path: Assets/Materials/Sky/AllSkyFree/Cold Sunset/Cold Sunset.mat
  artifactKey: Guid(2d796ced94d61438fbab81b194038162) Importer(815301076,1909f56bfc062723c751e8b465ee728b)
Start importing Assets/Materials/Sky/AllSkyFree/Cold Sunset/Cold Sunset.mat using Guid(2d796ced94d61438fbab81b194038162) Importer(815301076,1909f56bfc062723c751e8b465ee728b)  -> (artifact id: '44629e0d501dd4a3f2d38fec69811f3f') in 0.029797 seconds 
========================================================================
Received Import Request.
  Time since last request: 0.000049 seconds.
  path: Assets/Materials/Sky/AllSkyFree/Cold Sunset/Cold Sunset__Cam_3_Right-X.png
  artifactKey: Guid(1f225a337fa434ec1b937d9c8b70a667) Importer(815301076,1909f56bfc062723c751e8b465ee728b)
Start importing Assets/Materials/Sky/AllSkyFree/Cold Sunset/Cold Sunset__Cam_3_Right-X.png using Guid(1f225a337fa434ec1b937d9c8b70a667) Importer(815301076,1909f56bfc062723c751e8b465ee728b)  -> (artifact id: 'ad6084245e3fbeea85b7537401a68648') in 0.007222 seconds 
========================================================================
Received Import Request.
  Time since last request: 0.000052 seconds.
  path: Assets/Materials/Sky/AllSkyFree/Cold Sunset/Cold Sunset__Cam_5_Down-Y.png
  artifactKey: Guid(6458ffa0dcd6b4ea5b30ac5085d8c68a) Importer(815301076,1909f56bfc062723c751e8b465ee728b)
Start importing Assets/Materials/Sky/AllSkyFree/Cold Sunset/Cold Sunset__Cam_5_Down-Y.png using Guid(6458ffa0dcd6b4ea5b30ac5085d8c68a) Importer(815301076,1909f56bfc062723c751e8b465ee728b)  -> (artifact id: '782aa8da1429e3456e01e456f99ba6f0') in 0.007901 seconds 
========================================================================
Received Import Request.
  Time since last request: 0.499474 seconds.
  path: Assets/Materials/Sky/AllSkyFree/Cold Night/Cold Night.mat
  artifactKey: Guid(9af23ba5fa5364ff598888460e0e2759) Importer(815301076,1909f56bfc062723c751e8b465ee728b)
Start importing Assets/Materials/Sky/AllSkyFree/Cold Night/Cold Night.mat using Guid(9af23ba5fa5364ff598888460e0e2759) Importer(815301076,1909f56bfc062723c751e8b465ee728b)  -> (artifact id: '2c1d3cc435ae7895f67bbf88128f38ec') in 0.020903 seconds 
========================================================================
Received Import Request.
  Time since last request: 0.000050 seconds.
  path: Assets/Materials/Sky/AllSkyFree/Cold Night/Cold Night__Cam_1_Back-Z.png
  artifactKey: Guid(7a03001a6d7c746a2a2467b3b3f51660) Importer(815301076,1909f56bfc062723c751e8b465ee728b)
Start importing Assets/Materials/Sky/AllSkyFree/Cold Night/Cold Night__Cam_1_Back-Z.png using Guid(7a03001a6d7c746a2a2467b3b3f51660) Importer(815301076,1909f56bfc062723c751e8b465ee728b)  -> (artifact id: '6e971baed1a21e7649ca26418bea4994') in 0.008638 seconds 
========================================================================
Received Import Request.
  Time since last request: 0.000130 seconds.
  path: Assets/Materials/Sky/AllSkyFree/Cold Night/Cold Night__Cam_2_Left+X.png
  artifactKey: Guid(3aa922ca8577f4f66b8810ab41310933) Importer(815301076,1909f56bfc062723c751e8b465ee728b)
Start importing Assets/Materials/Sky/AllSkyFree/Cold Night/Cold Night__Cam_2_Left+X.png using Guid(3aa922ca8577f4f66b8810ab41310933) Importer(815301076,1909f56bfc062723c751e8b465ee728b)  -> (artifact id: 'ccf9c0d12d587dc3822fbacd1332b518') in 0.007138 seconds 
========================================================================
Received Import Request.
  Time since last request: 0.459473 seconds.
  path: Assets/Materials/Sky/AllSkyFree/Cold Night/Cold Night Equirect.mat
  artifactKey: Guid(eac2ef371405749e0bd050b4c3272f16) Importer(815301076,1909f56bfc062723c751e8b465ee728b)
Start importing Assets/Materials/Sky/AllSkyFree/Cold Night/Cold Night Equirect.mat using Guid(eac2ef371405749e0bd050b4c3272f16) Importer(815301076,1909f56bfc062723c751e8b465ee728b)  -> (artifact id: 'dba72b59cee2b55776201819e7f6abc3') in 0.091029 seconds 
========================================================================
Received Import Request.
  Time since last request: 16.831163 seconds.
  path: Assets/Materials/Sky/AllSkyFree/Deep Dusk/Deep Dusk.mat
  artifactKey: Guid(b4f152e0498484391a9f0d5a1facf03b) Importer(815301076,1909f56bfc062723c751e8b465ee728b)
Start importing Assets/Materials/Sky/AllSkyFree/Deep Dusk/Deep Dusk.mat using Guid(b4f152e0498484391a9f0d5a1facf03b) Importer(815301076,1909f56bfc062723c751e8b465ee728b)  -> (artifact id: '0f476fe9047f6f44ecb1cb14d958293b') in 0.027892 seconds 
========================================================================
Received Import Request.
  Time since last request: 0.000038 seconds.
  path: Assets/Materials/Sky/AllSkyFree/Deep Dusk/Deep Dusk__Cam_2_Left+X.png
  artifactKey: Guid(519e05b7b3cd14409b4a22d07660cfc8) Importer(815301076,1909f56bfc062723c751e8b465ee728b)
Start importing Assets/Materials/Sky/AllSkyFree/Deep Dusk/Deep Dusk__Cam_2_Left+X.png using Guid(519e05b7b3cd14409b4a22d07660cfc8) Importer(815301076,1909f56bfc062723c751e8b465ee728b)  -> (artifact id: 'cf5593c341c1273b0321af0d726094ce') in 0.008241 seconds 
========================================================================
Received Import Request.
  Time since last request: 0.000151 seconds.
  path: Assets/Materials/Sky/AllSkyFree/Deep Dusk/Deep Dusk__Cam_1_Back-Z.png
  artifactKey: Guid(5e2aba0844c5a4c2ca77ba49a1ea08d5) Importer(815301076,1909f56bfc062723c751e8b465ee728b)
Start importing Assets/Materials/Sky/AllSkyFree/Deep Dusk/Deep Dusk__Cam_1_Back-Z.png using Guid(5e2aba0844c5a4c2ca77ba49a1ea08d5) Importer(815301076,1909f56bfc062723c751e8b465ee728b)  -> (artifact id: 'e9821524befc2e2d1d097d831e6d7391') in 0.006734 seconds 
========================================================================
Received Import Request.
  Time since last request: 1.000351 seconds.
  path: Assets/Materials/Sky/AllSkyFree/Deep Dusk/Deep Dusk Equirect.mat
  artifactKey: Guid(c82a334cf5a5e47978749c210cee72a7) Importer(815301076,1909f56bfc062723c751e8b465ee728b)
Start importing Assets/Materials/Sky/AllSkyFree/Deep Dusk/Deep Dusk Equirect.mat using Guid(c82a334cf5a5e47978749c210cee72a7) Importer(815301076,1909f56bfc062723c751e8b465ee728b)  -> (artifact id: '46830ed361c9b502250e5f846f5270e2') in 0.035218 seconds 
========================================================================
Received Import Request.
  Time since last request: 35.878243 seconds.
  path: Assets/Materials/Sky/AllSkyFree/Deep Dusk/Deep Dusk.unity
  artifactKey: Guid(c8a48d1a6bbea47e981602e288f19742) Importer(815301076,1909f56bfc062723c751e8b465ee728b)
Start importing Assets/Materials/Sky/AllSkyFree/Deep Dusk/Deep Dusk.unity using Guid(c8a48d1a6bbea47e981602e288f19742) Importer(815301076,1909f56bfc062723c751e8b465ee728b)  -> (artifact id: '0b703cb0aa47ae108581fe6ad2116719') in 0.003644 seconds 
========================================================================
Received Import Request.
  Time since last request: 5.124981 seconds.
  path: Assets/Materials/Sky/AllSkyFree/Epic_BlueSunset/Epic_BlueSunset Equirect.mat
  artifactKey: Guid(cdbb40e11399e4a17882ada20a1b896a) Importer(815301076,1909f56bfc062723c751e8b465ee728b)
Start importing Assets/Materials/Sky/AllSkyFree/Epic_BlueSunset/Epic_BlueSunset Equirect.mat using Guid(cdbb40e11399e4a17882ada20a1b896a) Importer(815301076,1909f56bfc062723c751e8b465ee728b)  -> (artifact id: '9c09e4a2fcc1e2d4324d413eaba0f099') in 0.022975 seconds 
========================================================================
Received Import Request.
  Time since last request: 0.000048 seconds.
  path: Assets/Materials/Sky/AllSkyFree/Epic_BlueSunset/Epic_BlueSunset_Cam_4_Up+Y.png
  artifactKey: Guid(912bf47cb4f5f4c6ea43b7a8bd2eb0e5) Importer(815301076,1909f56bfc062723c751e8b465ee728b)
Start importing Assets/Materials/Sky/AllSkyFree/Epic_BlueSunset/Epic_BlueSunset_Cam_4_Up+Y.png using Guid(912bf47cb4f5f4c6ea43b7a8bd2eb0e5) Importer(815301076,1909f56bfc062723c751e8b465ee728b)  -> (artifact id: '4eee0a81928221a7ab28af1dc814c370') in 0.007082 seconds 
========================================================================
Received Import Request.
  Time since last request: 0.000057 seconds.
  path: Assets/Materials/Sky/AllSkyFree/Epic_BlueSunset/Epic_BlueSunset_Cam_1_Back-Z.png
  artifactKey: Guid(cbdb0c81375e549b1bae3506c1863a68) Importer(815301076,1909f56bfc062723c751e8b465ee728b)
Start importing Assets/Materials/Sky/AllSkyFree/Epic_BlueSunset/Epic_BlueSunset_Cam_1_Back-Z.png using Guid(cbdb0c81375e549b1bae3506c1863a68) Importer(815301076,1909f56bfc062723c751e8b465ee728b)  -> (artifact id: '5d8eca6f4e59a4c07ec2b8d927737ccc') in 0.008191 seconds 
========================================================================
Received Import Request.
  Time since last request: 0.000055 seconds.
  path: Assets/Materials/Sky/AllSkyFree/Epic_BlueSunset/Epic_BlueSunset_Cam_2_Left+X.png
  artifactKey: Guid(604c8e250817f485c97f85e8237f7524) Importer(815301076,1909f56bfc062723c751e8b465ee728b)
Start importing Assets/Materials/Sky/AllSkyFree/Epic_BlueSunset/Epic_BlueSunset_Cam_2_Left+X.png using Guid(604c8e250817f485c97f85e8237f7524) Importer(815301076,1909f56bfc062723c751e8b465ee728b)  -> (artifact id: '99210ff83859adf46892dbd50dd07a9f') in 0.006676 seconds 
========================================================================
Received Import Request.
  Time since last request: 0.000054 seconds.
  path: Assets/Materials/Sky/AllSkyFree/Epic_BlueSunset/Epic_BlueSunset_Cam_3_Right-X.png
  artifactKey: Guid(04869052f46ba428caebe862513e3b5d) Importer(815301076,1909f56bfc062723c751e8b465ee728b)
Start importing Assets/Materials/Sky/AllSkyFree/Epic_BlueSunset/Epic_BlueSunset_Cam_3_Right-X.png using Guid(04869052f46ba428caebe862513e3b5d) Importer(815301076,1909f56bfc062723c751e8b465ee728b)  -> (artifact id: '850345add28e5499b6d9ce0bf167d23e') in 0.007249 seconds 
========================================================================
Received Import Request.
  Time since last request: 0.000053 seconds.
  path: Assets/Materials/Sky/AllSkyFree/Epic_BlueSunset/Epic_BlueSunset_EquiRect_flat.png
  artifactKey: Guid(e71fc492f440446b99875b8e1df890ba) Importer(815301076,1909f56bfc062723c751e8b465ee728b)
Start importing Assets/Materials/Sky/AllSkyFree/Epic_BlueSunset/Epic_BlueSunset_EquiRect_flat.png using Guid(e71fc492f440446b99875b8e1df890ba) Importer(815301076,1909f56bfc062723c751e8b465ee728b)  -> (artifact id: 'dfdba520d0f4d250c320dadb1541e6b0') in 0.117189 seconds 
========================================================================
Received Import Request.
  Time since last request: 0.000056 seconds.
  path: Assets/Materials/Sky/AllSkyFree/Epic_BlueSunset/Epic_BlueSunset_Cam_0_Front+Z.png
  artifactKey: Guid(33dc9d88f32144697ba9777ee1aaae7b) Importer(815301076,1909f56bfc062723c751e8b465ee728b)
Start importing Assets/Materials/Sky/AllSkyFree/Epic_BlueSunset/Epic_BlueSunset_Cam_0_Front+Z.png using Guid(33dc9d88f32144697ba9777ee1aaae7b) Importer(815301076,1909f56bfc062723c751e8b465ee728b)  -> (artifact id: '15212bc81a321b5f996a095fe1b3b491') in 0.004876 seconds 
========================================================================
Received Import Request.
  Time since last request: 0.000061 seconds.
  path: Assets/Materials/Sky/AllSkyFree/Epic_BlueSunset/Epic_BlueSunset_Cam_5_Down-Y.png
  artifactKey: Guid(3e1c1042c332d4444bfe47799ff3e0d3) Importer(815301076,1909f56bfc062723c751e8b465ee728b)
Start importing Assets/Materials/Sky/AllSkyFree/Epic_BlueSunset/Epic_BlueSunset_Cam_5_Down-Y.png using Guid(3e1c1042c332d4444bfe47799ff3e0d3) Importer(815301076,1909f56bfc062723c751e8b465ee728b)  -> (artifact id: '244ec7abda30e9da019c162d2395fb5d') in 0.006291 seconds 
========================================================================
Received Import Request.
  Time since last request: 0.204432 seconds.
  path: Assets/Materials/Sky/AllSkyFree/Epic_GloriousPink/Epic_GloriousPink Equirect.mat
  artifactKey: Guid(fe4e130f9947345a2b213cb5038851a2) Importer(815301076,1909f56bfc062723c751e8b465ee728b)
Start importing Assets/Materials/Sky/AllSkyFree/Epic_GloriousPink/Epic_GloriousPink Equirect.mat using Guid(fe4e130f9947345a2b213cb5038851a2) Importer(815301076,1909f56bfc062723c751e8b465ee728b)  -> (artifact id: '41fbbef549e7c8860f8e48aab0793895') in 0.017659 seconds 
========================================================================
Received Import Request.
  Time since last request: 0.000069 seconds.
  path: Assets/Materials/Sky/AllSkyFree/Epic_GloriousPink/Epic_GloriousPink_Cam_2_Left+X.png
  artifactKey: Guid(c85a861fbad8f45169567bbfa332ecf8) Importer(815301076,1909f56bfc062723c751e8b465ee728b)
Start importing Assets/Materials/Sky/AllSkyFree/Epic_GloriousPink/Epic_GloriousPink_Cam_2_Left+X.png using Guid(c85a861fbad8f45169567bbfa332ecf8) Importer(815301076,1909f56bfc062723c751e8b465ee728b)  -> (artifact id: '7be78d1b45847521a5eeb0dac64d5282') in 0.005046 seconds 
========================================================================
Received Import Request.
  Time since last request: 0.000154 seconds.
  path: Assets/Materials/Sky/AllSkyFree/Epic_GloriousPink/Epic_GloriousPink_Cam_3_Right-X.png
  artifactKey: Guid(938f8444195114ab791cdba8f627e3e7) Importer(815301076,1909f56bfc062723c751e8b465ee728b)
Start importing Assets/Materials/Sky/AllSkyFree/Epic_GloriousPink/Epic_GloriousPink_Cam_3_Right-X.png using Guid(938f8444195114ab791cdba8f627e3e7) Importer(815301076,1909f56bfc062723c751e8b465ee728b)  -> (artifact id: '379d20287d7f9afdd29e632251d32d0d') in 0.006578 seconds 
========================================================================
Received Import Request.
  Time since last request: 0.000055 seconds.
  path: Assets/Materials/Sky/AllSkyFree/Epic_GloriousPink/Epic_GloriousPink_Cam_0_Front+Z.png
  artifactKey: Guid(87dff0577f22146db9255e2cf270d6ee) Importer(815301076,1909f56bfc062723c751e8b465ee728b)
Start importing Assets/Materials/Sky/AllSkyFree/Epic_GloriousPink/Epic_GloriousPink_Cam_0_Front+Z.png using Guid(87dff0577f22146db9255e2cf270d6ee) Importer(815301076,1909f56bfc062723c751e8b465ee728b)  -> (artifact id: '8c55ab521518c6beab3deab6a38c3bcf') in 0.006760 seconds 
========================================================================
Received Import Request.
  Time since last request: 0.000047 seconds.
  path: Assets/Materials/Sky/AllSkyFree/Epic_GloriousPink/Epic_GloriousPink_Cam_5_Down-Y.png
  artifactKey: Guid(213ae241f43b44b3f961dd8739080120) Importer(815301076,1909f56bfc062723c751e8b465ee728b)
Start importing Assets/Materials/Sky/AllSkyFree/Epic_GloriousPink/Epic_GloriousPink_Cam_5_Down-Y.png using Guid(213ae241f43b44b3f961dd8739080120) Importer(815301076,1909f56bfc062723c751e8b465ee728b)  -> (artifact id: '5e5dab9eb79f99135f67226408e19b37') in 0.006194 seconds 
========================================================================
Received Import Request.
  Time since last request: 9.089402 seconds.
  path: Assets/Materials/Sky/AllSkyFree/Night MoonBurst/Night Moon Burst.mat
  artifactKey: Guid(c494c335823f54b52b2e87e1b7a63a23) Importer(815301076,1909f56bfc062723c751e8b465ee728b)
Start importing Assets/Materials/Sky/AllSkyFree/Night MoonBurst/Night Moon Burst.mat using Guid(c494c335823f54b52b2e87e1b7a63a23) Importer(815301076,1909f56bfc062723c751e8b465ee728b)  -> (artifact id: 'cba8903df36fc7e871d1a977adfcdf0c') in 0.026264 seconds 
========================================================================
Received Import Request.
  Time since last request: 0.000050 seconds.
  path: Assets/Materials/Sky/AllSkyFree/Night MoonBurst/Night Moon Burst_Cam_2_Left+X.png
  artifactKey: Guid(c35d875303c454b9a8acaae0f7800313) Importer(815301076,1909f56bfc062723c751e8b465ee728b)
Start importing Assets/Materials/Sky/AllSkyFree/Night MoonBurst/Night Moon Burst_Cam_2_Left+X.png using Guid(c35d875303c454b9a8acaae0f7800313) Importer(815301076,1909f56bfc062723c751e8b465ee728b)  -> (artifact id: '31b1a86e70b72fbeb79020fa093a50e2') in 0.009601 seconds 
========================================================================
Received Import Request.
  Time since last request: 0.000069 seconds.
  path: Assets/Materials/Sky/AllSkyFree/Night MoonBurst/Night Moon Burst_Cam_5_Down-Y.png
  artifactKey: Guid(771300e956150427f8e4740c74cdd67e) Importer(815301076,1909f56bfc062723c751e8b465ee728b)
Start importing Assets/Materials/Sky/AllSkyFree/Night MoonBurst/Night Moon Burst_Cam_5_Down-Y.png using Guid(771300e956150427f8e4740c74cdd67e) Importer(815301076,1909f56bfc062723c751e8b465ee728b)  -> (artifact id: '392ce1acf8bfaebe5ff35c832aa8eccc') in 0.006430 seconds 
========================================================================
Received Import Request.
  Time since last request: 1.287644 seconds.
  path: Assets/Materials/Sky/AllSkyFree/Night MoonBurst/AllSky_Night_MoonBurst Equirect.mat
  artifactKey: Guid(51b74d7bad397457d883c5940f7664d8) Importer(815301076,1909f56bfc062723c751e8b465ee728b)
Start importing Assets/Materials/Sky/AllSkyFree/Night MoonBurst/AllSky_Night_MoonBurst Equirect.mat using Guid(51b74d7bad397457d883c5940f7664d8) Importer(815301076,1909f56bfc062723c751e8b465ee728b)  -> (artifact id: '02178fd15437f335c06a399ed1588986') in 0.036575 seconds 
========================================================================
Received Prepare
Registering precompiled user dll's ...
Registered in 0.001621 seconds.
Begin MonoManager ReloadAssembly
Thread 0x2862e7000 may have been prematurely finalized
Symbol file LoadedFromMemory doesn't match image /Users/Shy/Documents/RandomEvents/Library/PackageCache/com.unity.visualscripting@1.8.0/Editor/VisualScripting.Core/Dependencies/YamlDotNet/Unity.VisualScripting.YamlDotNet.dll
Symbol file LoadedFromMemory doesn't match image /Users/Shy/Documents/RandomEvents/Library/PackageCache/com.unity.visualscripting@1.8.0/Editor/VisualScripting.Core/Dependencies/DotNetZip/Unity.VisualScripting.IonicZip.dll
Native extension for OSXStandalone target not found
Refreshing native plugins compatible for Editor in 0.36 ms, found 2 plugins.
Preloading 0 native plugins for Editor in 0.00 ms.
[ScriptCompilation] NOT recompiling all scripts because this is an import worker process. Reason to compile was: Define symbols changed
Mono: successfully reloaded assembly
- Completed reload, in  0.575 seconds
Domain Reload Profiling:
	ReloadAssembly (576ms)
		BeginReloadAssembly (106ms)
			ExecutionOrderSort (0ms)
			DisableScriptedObjects (3ms)
			BackupInstance (0ms)
			ReleaseScriptingObjects (0ms)
			CreateAndSetChildDomain (49ms)
		EndReloadAssembly (409ms)
			LoadAssemblies (40ms)
			RebuildTransferFunctionScriptingTraits (0ms)
			SetupTypeCache (158ms)
			ReleaseScriptCaches (1ms)
			RebuildScriptCaches (34ms)
			SetupLoadedEditorAssemblies (157ms)
				LogAssemblyErrors (0ms)
				InitializePlatformSupportModulesInManaged (2ms)
				SetLoadedEditorAssemblies (0ms)
				RefreshPlugins (0ms)
				BeforeProcessingInitializeOnLoad (31ms)
				ProcessInitializeOnLoadAttributes (111ms)
				ProcessInitializeOnLoadMethodAttributes (10ms)
				AfterProcessingInitializeOnLoad (1ms)
				EditorAssembliesLoaded (0ms)
			ExecutionOrderSort2 (0ms)
			AwakeInstancesAfterBackupRestoration (2ms)
Platform modules already initialized, skipping
Refreshing native plugins compatible for Editor in 0.72 ms, found 2 plugins.
Preloading 0 native plugins for Editor in 0.00 ms.
Unloading 3045 Unused Serialized files (Serialized files now loaded: 0)
Unloading 53 unused Assets / (2.9 MB). Loaded Objects now: 3593.
Memory consumption went from 153.2 MB to 150.3 MB.
Total: 2.537250 ms (FindLiveObjects: 0.104333 ms CreateObjectMapping: 0.035792 ms MarkObjects: 1.875791 ms  DeleteObjects: 0.520333 ms)

AssetImportParameters requested are different than current active one (requested -> active):
  custom:video-decoder-ogg-theora: a1e56fd34408186e4bbccfd4996cb3dc -> 
  custom:container-muxer-webm: aa71ff27fc2769a1b78a27578f13a17b -> 
  custom:container-demuxer-webm: 4f35f7cbe854078d1ac9338744f61a02 -> 
  custom:video-encoder-webm-vp8: eb34c28f22e8b96e1ab97ce403110664 -> 
  custom:framework-osx-AVFoundation: e770b220cccbd017edd2c1fefb359320 -> 
  custom:audio-encoder-webm-vorbis: bf7c407c2cedff20999df2af8eb42d56 -> 
  custom:container-demuxer-ogg: 62fdf1f143b41e24485cea50d1cbac27 -> 
  custom:video-decoder-webm-vp8: 9c59270c3fd7afecdb556c50c9e8de78 -> 
  custom:audio-decoder-ogg-vorbis: bf7c407c2cedff20999df2af8eb42d56 -> 
========================================================================
Received Prepare
Registering precompiled user dll's ...
Registered in 0.001209 seconds.
Begin MonoManager ReloadAssembly
Thread 0x28568b000 may have been prematurely finalized
Symbol file LoadedFromMemory doesn't match image /Users/Shy/Documents/RandomEvents/Library/PackageCache/com.unity.visualscripting@1.8.0/Editor/VisualScripting.Core/Dependencies/YamlDotNet/Unity.VisualScripting.YamlDotNet.dll
Symbol file LoadedFromMemory doesn't match image /Users/Shy/Documents/RandomEvents/Library/PackageCache/com.unity.visualscripting@1.8.0/Editor/VisualScripting.Core/Dependencies/DotNetZip/Unity.VisualScripting.IonicZip.dll
Native extension for OSXStandalone target not found
Refreshing native plugins compatible for Editor in 0.32 ms, found 2 plugins.
Preloading 0 native plugins for Editor in 0.00 ms.
Mono: successfully reloaded assembly
- Completed reload, in  0.519 seconds
Domain Reload Profiling:
	ReloadAssembly (519ms)
		BeginReloadAssembly (77ms)
			ExecutionOrderSort (0ms)
			DisableScriptedObjects (3ms)
			BackupInstance (0ms)
			ReleaseScriptingObjects (0ms)
			CreateAndSetChildDomain (23ms)
		EndReloadAssembly (387ms)
			LoadAssemblies (35ms)
			RebuildTransferFunctionScriptingTraits (0ms)
			SetupTypeCache (146ms)
			ReleaseScriptCaches (1ms)
			RebuildScriptCaches (30ms)
			SetupLoadedEditorAssemblies (155ms)
				LogAssemblyErrors (0ms)
				InitializePlatformSupportModulesInManaged (2ms)
				SetLoadedEditorAssemblies (0ms)
				RefreshPlugins (0ms)
				BeforeProcessingInitializeOnLoad (30ms)
				ProcessInitializeOnLoadAttributes (110ms)
				ProcessInitializeOnLoadMethodAttributes (11ms)
				AfterProcessingInitializeOnLoad (1ms)
				EditorAssembliesLoaded (0ms)
			ExecutionOrderSort2 (0ms)
			AwakeInstancesAfterBackupRestoration (2ms)
Platform modules already initialized, skipping
Refreshing native plugins compatible for Editor in 0.77 ms, found 2 plugins.
Preloading 0 native plugins for Editor in 0.00 ms.
Unloading 3045 Unused Serialized files (Serialized files now loaded: 0)
Unloading 53 unused Assets / (2.9 MB). Loaded Objects now: 3596.
Memory consumption went from 153.2 MB to 150.3 MB.
Total: 2.687125 ms (FindLiveObjects: 0.121875 ms CreateObjectMapping: 0.038500 ms MarkObjects: 1.932166 ms  DeleteObjects: 0.594042 ms)

AssetImportParameters requested are different than current active one (requested -> active):
  custom:video-decoder-ogg-theora: a1e56fd34408186e4bbccfd4996cb3dc -> 
  custom:container-muxer-webm: aa71ff27fc2769a1b78a27578f13a17b -> 
  custom:container-demuxer-webm: 4f35f7cbe854078d1ac9338744f61a02 -> 
  custom:video-encoder-webm-vp8: eb34c28f22e8b96e1ab97ce403110664 -> 
  custom:framework-osx-AVFoundation: e770b220cccbd017edd2c1fefb359320 -> 
  custom:audio-encoder-webm-vorbis: bf7c407c2cedff20999df2af8eb42d56 -> 
  custom:container-demuxer-ogg: 62fdf1f143b41e24485cea50d1cbac27 -> 
  custom:video-decoder-webm-vp8: 9c59270c3fd7afecdb556c50c9e8de78 -> 
  custom:audio-decoder-ogg-vorbis: bf7c407c2cedff20999df2af8eb42d56 -> 
========================================================================
Received Prepare
Registering precompiled user dll's ...
Registered in 0.001192 seconds.
Begin MonoManager ReloadAssembly
Thread 0x28568b000 may have been prematurely finalized
Symbol file LoadedFromMemory doesn't match image /Users/Shy/Documents/RandomEvents/Library/PackageCache/com.unity.visualscripting@1.8.0/Editor/VisualScripting.Core/Dependencies/YamlDotNet/Unity.VisualScripting.YamlDotNet.dll
Symbol file LoadedFromMemory doesn't match image /Users/Shy/Documents/RandomEvents/Library/PackageCache/com.unity.visualscripting@1.8.0/Editor/VisualScripting.Core/Dependencies/DotNetZip/Unity.VisualScripting.IonicZip.dll
Native extension for OSXStandalone target not found
Refreshing native plugins compatible for Editor in 0.52 ms, found 2 plugins.
Preloading 0 native plugins for Editor in 0.00 ms.
Mono: successfully reloaded assembly
- Completed reload, in  0.532 seconds
Domain Reload Profiling:
	ReloadAssembly (532ms)
		BeginReloadAssembly (76ms)
			ExecutionOrderSort (0ms)
			DisableScriptedObjects (3ms)
			BackupInstance (0ms)
			ReleaseScriptingObjects (0ms)
			CreateAndSetChildDomain (25ms)
		EndReloadAssembly (400ms)
			LoadAssemblies (33ms)
			RebuildTransferFunctionScriptingTraits (0ms)
			SetupTypeCache (144ms)
			ReleaseScriptCaches (1ms)
			RebuildScriptCaches (29ms)
			SetupLoadedEditorAssemblies (168ms)
				LogAssemblyErrors (0ms)
				InitializePlatformSupportModulesInManaged (3ms)
				SetLoadedEditorAssemblies (0ms)
				RefreshPlugins (1ms)
				BeforeProcessingInitializeOnLoad (33ms)
				ProcessInitializeOnLoadAttributes (119ms)
				ProcessInitializeOnLoadMethodAttributes (11ms)
				AfterProcessingInitializeOnLoad (1ms)
				EditorAssembliesLoaded (0ms)
			ExecutionOrderSort2 (0ms)
			AwakeInstancesAfterBackupRestoration (2ms)
Platform modules already initialized, skipping
Refreshing native plugins compatible for Editor in 0.70 ms, found 2 plugins.
Preloading 0 native plugins for Editor in 0.00 ms.
Unloading 3045 Unused Serialized files (Serialized files now loaded: 0)
Unloading 53 unused Assets / (2.9 MB). Loaded Objects now: 3599.
Memory consumption went from 153.2 MB to 150.4 MB.
Total: 2.936625 ms (FindLiveObjects: 0.134875 ms CreateObjectMapping: 0.037375 ms MarkObjects: 2.043250 ms  DeleteObjects: 0.720667 ms)

AssetImportParameters requested are different than current active one (requested -> active):
  custom:video-decoder-ogg-theora: a1e56fd34408186e4bbccfd4996cb3dc -> 
  custom:container-muxer-webm: aa71ff27fc2769a1b78a27578f13a17b -> 
  custom:container-demuxer-webm: 4f35f7cbe854078d1ac9338744f61a02 -> 
  custom:video-encoder-webm-vp8: eb34c28f22e8b96e1ab97ce403110664 -> 
  custom:framework-osx-AVFoundation: e770b220cccbd017edd2c1fefb359320 -> 
  custom:audio-encoder-webm-vorbis: bf7c407c2cedff20999df2af8eb42d56 -> 
  custom:container-demuxer-ogg: 62fdf1f143b41e24485cea50d1cbac27 -> 
  custom:video-decoder-webm-vp8: 9c59270c3fd7afecdb556c50c9e8de78 -> 
  custom:audio-decoder-ogg-vorbis: bf7c407c2cedff20999df2af8eb42d56 -> 
========================================================================
Received Prepare
Registering precompiled user dll's ...
Registered in 0.001291 seconds.
Begin MonoManager ReloadAssembly
Thread 0x28568b000 may have been prematurely finalized
Symbol file LoadedFromMemory doesn't match image /Users/Shy/Documents/RandomEvents/Library/PackageCache/com.unity.visualscripting@1.8.0/Editor/VisualScripting.Core/Dependencies/YamlDotNet/Unity.VisualScripting.YamlDotNet.dll
Symbol file LoadedFromMemory doesn't match image /Users/Shy/Documents/RandomEvents/Library/PackageCache/com.unity.visualscripting@1.8.0/Editor/VisualScripting.Core/Dependencies/DotNetZip/Unity.VisualScripting.IonicZip.dll
Native extension for OSXStandalone target not found
Refreshing native plugins compatible for Editor in 0.45 ms, found 2 plugins.
Preloading 0 native plugins for Editor in 0.00 ms.
Mono: successfully reloaded assembly
- Completed reload, in  0.557 seconds
Domain Reload Profiling:
	ReloadAssembly (557ms)
		BeginReloadAssembly (75ms)
			ExecutionOrderSort (0ms)
			DisableScriptedObjects (3ms)
			BackupInstance (0ms)
			ReleaseScriptingObjects (0ms)
			CreateAndSetChildDomain (25ms)
		EndReloadAssembly (425ms)
			LoadAssemblies (33ms)
			RebuildTransferFunctionScriptingTraits (0ms)
			SetupTypeCache (159ms)
			ReleaseScriptCaches (1ms)
			RebuildScriptCaches (36ms)
			SetupLoadedEditorAssemblies (169ms)
				LogAssemblyErrors (0ms)
				InitializePlatformSupportModulesInManaged (2ms)
				SetLoadedEditorAssemblies (0ms)
				RefreshPlugins (0ms)
				BeforeProcessingInitializeOnLoad (32ms)
				ProcessInitializeOnLoadAttributes (120ms)
				ProcessInitializeOnLoadMethodAttributes (12ms)
				AfterProcessingInitializeOnLoad (1ms)
				EditorAssembliesLoaded (0ms)
			ExecutionOrderSort2 (0ms)
			AwakeInstancesAfterBackupRestoration (2ms)
Platform modules already initialized, skipping
Refreshing native plugins compatible for Editor in 1.16 ms, found 2 plugins.
Preloading 0 native plugins for Editor in 0.00 ms.
Unloading 3045 Unused Serialized files (Serialized files now loaded: 0)
Unloading 53 unused Assets / (2.9 MB). Loaded Objects now: 3602.
Memory consumption went from 153.3 MB to 150.4 MB.
Total: 2.814792 ms (FindLiveObjects: 0.149958 ms CreateObjectMapping: 0.035875 ms MarkObjects: 2.092500 ms  DeleteObjects: 0.535541 ms)

AssetImportParameters requested are different than current active one (requested -> active):
  custom:video-decoder-ogg-theora: a1e56fd34408186e4bbccfd4996cb3dc -> 
  custom:container-muxer-webm: aa71ff27fc2769a1b78a27578f13a17b -> 
  custom:container-demuxer-webm: 4f35f7cbe854078d1ac9338744f61a02 -> 
  custom:video-encoder-webm-vp8: eb34c28f22e8b96e1ab97ce403110664 -> 
  custom:framework-osx-AVFoundation: e770b220cccbd017edd2c1fefb359320 -> 
  custom:audio-encoder-webm-vorbis: bf7c407c2cedff20999df2af8eb42d56 -> 
  custom:container-demuxer-ogg: 62fdf1f143b41e24485cea50d1cbac27 -> 
  custom:video-decoder-webm-vp8: 9c59270c3fd7afecdb556c50c9e8de78 -> 
  custom:audio-decoder-ogg-vorbis: bf7c407c2cedff20999df2af8eb42d56 -> 
========================================================================
Received Prepare
Registering precompiled user dll's ...
Registered in 0.001283 seconds.
Begin MonoManager ReloadAssembly
Thread 0x28568b000 may have been prematurely finalized
Symbol file LoadedFromMemory doesn't match image /Users/Shy/Documents/RandomEvents/Library/PackageCache/com.unity.visualscripting@1.8.0/Editor/VisualScripting.Core/Dependencies/YamlDotNet/Unity.VisualScripting.YamlDotNet.dll
Symbol file LoadedFromMemory doesn't match image /Users/Shy/Documents/RandomEvents/Library/PackageCache/com.unity.visualscripting@1.8.0/Editor/VisualScripting.Core/Dependencies/DotNetZip/Unity.VisualScripting.IonicZip.dll
Native extension for OSXStandalone target not found
Refreshing native plugins compatible for Editor in 0.57 ms, found 2 plugins.
Preloading 0 native plugins for Editor in 0.00 ms.
Mono: successfully reloaded assembly
- Completed reload, in  0.593 seconds
Domain Reload Profiling:
	ReloadAssembly (593ms)
		BeginReloadAssembly (78ms)
			ExecutionOrderSort (0ms)
			DisableScriptedObjects (3ms)
			BackupInstance (0ms)
			ReleaseScriptingObjects (0ms)
			CreateAndSetChildDomain (25ms)
		EndReloadAssembly (457ms)
			LoadAssemblies (35ms)
			RebuildTransferFunctionScriptingTraits (0ms)
			SetupTypeCache (170ms)
			ReleaseScriptCaches (1ms)
			RebuildScriptCaches (40ms)
			SetupLoadedEditorAssemblies (184ms)
				LogAssemblyErrors (0ms)
				InitializePlatformSupportModulesInManaged (3ms)
				SetLoadedEditorAssemblies (0ms)
				RefreshPlugins (1ms)
				BeforeProcessingInitializeOnLoad (36ms)
				ProcessInitializeOnLoadAttributes (130ms)
				ProcessInitializeOnLoadMethodAttributes (13ms)
				AfterProcessingInitializeOnLoad (1ms)
				EditorAssembliesLoaded (0ms)
			ExecutionOrderSort2 (0ms)
			AwakeInstancesAfterBackupRestoration (2ms)
Platform modules already initialized, skipping
Refreshing native plugins compatible for Editor in 1.13 ms, found 2 plugins.
Preloading 0 native plugins for Editor in 0.00 ms.
Unloading 3045 Unused Serialized files (Serialized files now loaded: 0)
Unloading 53 unused Assets / (2.9 MB). Loaded Objects now: 3605.
Memory consumption went from 153.3 MB to 150.4 MB.
Total: 2.846708 ms (FindLiveObjects: 0.123666 ms CreateObjectMapping: 0.044750 ms MarkObjects: 2.011209 ms  DeleteObjects: 0.666250 ms)

AssetImportParameters requested are different than current active one (requested -> active):
  custom:video-decoder-ogg-theora: a1e56fd34408186e4bbccfd4996cb3dc -> 
  custom:container-muxer-webm: aa71ff27fc2769a1b78a27578f13a17b -> 
  custom:container-demuxer-webm: 4f35f7cbe854078d1ac9338744f61a02 -> 
  custom:video-encoder-webm-vp8: eb34c28f22e8b96e1ab97ce403110664 -> 
  custom:framework-osx-AVFoundation: e770b220cccbd017edd2c1fefb359320 -> 
  custom:audio-encoder-webm-vorbis: bf7c407c2cedff20999df2af8eb42d56 -> 
  custom:container-demuxer-ogg: 62fdf1f143b41e24485cea50d1cbac27 -> 
  custom:video-decoder-webm-vp8: 9c59270c3fd7afecdb556c50c9e8de78 -> 
  custom:audio-decoder-ogg-vorbis: bf7c407c2cedff20999df2af8eb42d56 -> 
========================================================================
Received Prepare
Registering precompiled user dll's ...
Registered in 0.001408 seconds.
Begin MonoManager ReloadAssembly
Thread 0x28568b000 may have been prematurely finalized
Symbol file LoadedFromMemory doesn't match image /Users/Shy/Documents/RandomEvents/Library/PackageCache/com.unity.visualscripting@1.8.0/Editor/VisualScripting.Core/Dependencies/YamlDotNet/Unity.VisualScripting.YamlDotNet.dll
Symbol file LoadedFromMemory doesn't match image /Users/Shy/Documents/RandomEvents/Library/PackageCache/com.unity.visualscripting@1.8.0/Editor/VisualScripting.Core/Dependencies/DotNetZip/Unity.VisualScripting.IonicZip.dll
Native extension for OSXStandalone target not found
Refreshing native plugins compatible for Editor in 0.68 ms, found 2 plugins.
Preloading 0 native plugins for Editor in 0.00 ms.
Mono: successfully reloaded assembly
- Completed reload, in  0.570 seconds
Domain Reload Profiling:
	ReloadAssembly (570ms)
		BeginReloadAssembly (77ms)
			ExecutionOrderSort (0ms)
			DisableScriptedObjects (3ms)
			BackupInstance (0ms)
			ReleaseScriptingObjects (0ms)
			CreateAndSetChildDomain (25ms)
		EndReloadAssembly (433ms)
			LoadAssemblies (36ms)
			RebuildTransferFunctionScriptingTraits (0ms)
			SetupTypeCache (156ms)
			ReleaseScriptCaches (1ms)
			RebuildScriptCaches (31ms)
			SetupLoadedEditorAssemblies (182ms)
				LogAssemblyErrors (0ms)
				InitializePlatformSupportModulesInManaged (3ms)
				SetLoadedEditorAssemblies (0ms)
				RefreshPlugins (1ms)
				BeforeProcessingInitializeOnLoad (34ms)
				ProcessInitializeOnLoadAttributes (130ms)
				ProcessInitializeOnLoadMethodAttributes (12ms)
				AfterProcessingInitializeOnLoad (1ms)
				EditorAssembliesLoaded (0ms)
			ExecutionOrderSort2 (0ms)
			AwakeInstancesAfterBackupRestoration (3ms)
Platform modules already initialized, skipping
Refreshing native plugins compatible for Editor in 1.30 ms, found 2 plugins.
Preloading 0 native plugins for Editor in 0.00 ms.
Unloading 3045 Unused Serialized files (Serialized files now loaded: 0)
Unloading 53 unused Assets / (2.9 MB). Loaded Objects now: 3608.
Memory consumption went from 153.3 MB to 150.4 MB.
Total: 3.120666 ms (FindLiveObjects: 0.123209 ms CreateObjectMapping: 0.043416 ms MarkObjects: 2.284792 ms  DeleteObjects: 0.668542 ms)

AssetImportParameters requested are different than current active one (requested -> active):
  custom:video-decoder-ogg-theora: a1e56fd34408186e4bbccfd4996cb3dc -> 
  custom:container-muxer-webm: aa71ff27fc2769a1b78a27578f13a17b -> 
  custom:container-demuxer-webm: 4f35f7cbe854078d1ac9338744f61a02 -> 
  custom:video-encoder-webm-vp8: eb34c28f22e8b96e1ab97ce403110664 -> 
  custom:framework-osx-AVFoundation: e770b220cccbd017edd2c1fefb359320 -> 
  custom:audio-encoder-webm-vorbis: bf7c407c2cedff20999df2af8eb42d56 -> 
  custom:container-demuxer-ogg: 62fdf1f143b41e24485cea50d1cbac27 -> 
  custom:video-decoder-webm-vp8: 9c59270c3fd7afecdb556c50c9e8de78 -> 
  custom:audio-decoder-ogg-vorbis: bf7c407c2cedff20999df2af8eb42d56 -> 
========================================================================
Received Import Request.
  Time since last request: 843.172014 seconds.
  path: Assets/Materials/Sky/AllSkyFree/Night MoonBurst/Materials/AllSky_Night_MoonBurst Equirect.mat
  artifactKey: Guid(feb29cce8af6143b48975f7e17481c0a) Importer(815301076,1909f56bfc062723c751e8b465ee728b)
Start importing Assets/Materials/Sky/AllSkyFree/Night MoonBurst/Materials/AllSky_Night_MoonBurst Equirect.mat using Guid(feb29cce8af6143b48975f7e17481c0a) Importer(815301076,1909f56bfc062723c751e8b465ee728b)  -> (artifact id: 'ac0419c1ac9749562ff3bca5c4e782f9') in 0.053941 seconds 
========================================================================
Received Import Request.
  Time since last request: 0.000060 seconds.
  path: Assets/Materials/Sky/AllSkyFree/Cold Sunset/Cold Sunset Equirect.mat
  artifactKey: Guid(01f4eb1c73693428d923f1520032e7f9) Importer(815301076,1909f56bfc062723c751e8b465ee728b)
Start importing Assets/Materials/Sky/AllSkyFree/Cold Sunset/Cold Sunset Equirect.mat using Guid(01f4eb1c73693428d923f1520032e7f9) Importer(815301076,1909f56bfc062723c751e8b465ee728b)  -> (artifact id: '4e220b2a8c64658467fa60284e9df502') in 0.017898 seconds 
========================================================================
Received Import Request.
  Time since last request: 0.000065 seconds.
  path: Assets/Materials/Sky/AllSkyFree/_AllSkyFreeDemoEnvironment/Materials/TreeLeaves.mat
  artifactKey: Guid(5a2c0c63420584a7c99a4f89a19e51dd) Importer(815301076,1909f56bfc062723c751e8b465ee728b)
Start importing Assets/Materials/Sky/AllSkyFree/_AllSkyFreeDemoEnvironment/Materials/TreeLeaves.mat using Guid(5a2c0c63420584a7c99a4f89a19e51dd) Importer(815301076,1909f56bfc062723c751e8b465ee728b)  -> (artifact id: '62842f8036954f74ad3c3163d531aaf6') in 0.029764 seconds 
========================================================================
Received Import Request.
  Time since last request: 0.000054 seconds.
  path: Assets/Materials/Sky/AllSkyFree/_AllSkyFreeDemoEnvironment/Materials/TreeTrunk.mat
  artifactKey: Guid(2f225ce8f2fae4ea3b08c9298a6f25e4) Importer(815301076,1909f56bfc062723c751e8b465ee728b)
Start importing Assets/Materials/Sky/AllSkyFree/_AllSkyFreeDemoEnvironment/Materials/TreeTrunk.mat using Guid(2f225ce8f2fae4ea3b08c9298a6f25e4) Importer(815301076,1909f56bfc062723c751e8b465ee728b)  -> (artifact id: '0cbf7e03dff3d19c37e2e05c00a1ee56') in 0.006179 seconds 
========================================================================
Received Import Request.
  Time since last request: 0.000053 seconds.
  path: Assets/Materials/Sky/AllSkyFree/_AllSkyFreeDemoEnvironment/Materials/AllSkyDemoEnv_Flag_Red.mat
  artifactKey: Guid(33230baef4dda4cf4bd25fcb15d0d06f) Importer(815301076,1909f56bfc062723c751e8b465ee728b)
Start importing Assets/Materials/Sky/AllSkyFree/_AllSkyFreeDemoEnvironment/Materials/AllSkyDemoEnv_Flag_Red.mat using Guid(33230baef4dda4cf4bd25fcb15d0d06f) Importer(815301076,1909f56bfc062723c751e8b465ee728b)  -> (artifact id: 'b6564357af2f38660dee81773df7cb7e') in 0.004937 seconds 
========================================================================
Received Import Request.
  Time since last request: 0.000051 seconds.
  path: Assets/Materials/Sky/AllSkyFree/_AllSkyFreeDemoEnvironment/Materials/AllSkyDemoEnv_LightIllum.mat
  artifactKey: Guid(ff33c7fce672541f095331a057da80f0) Importer(815301076,1909f56bfc062723c751e8b465ee728b)
Start importing Assets/Materials/Sky/AllSkyFree/_AllSkyFreeDemoEnvironment/Materials/AllSkyDemoEnv_LightIllum.mat using Guid(ff33c7fce672541f095331a057da80f0) Importer(815301076,1909f56bfc062723c751e8b465ee728b)  -> (artifact id: 'b9ef66d7e2f7b4f101a4bbbd33aaeee1') in 0.004356 seconds 
========================================================================
Received Import Request.
  Time since last request: 0.000050 seconds.
  path: Assets/Materials/Sky/AllSkyFree/_AllSkyFreeDemoEnvironment/Materials/AllSkyDemoEnv_TreeTrunk.mat
  artifactKey: Guid(52d55542834f2465eb9aed460fd370de) Importer(815301076,1909f56bfc062723c751e8b465ee728b)
Start importing Assets/Materials/Sky/AllSkyFree/_AllSkyFreeDemoEnvironment/Materials/AllSkyDemoEnv_TreeTrunk.mat using Guid(52d55542834f2465eb9aed460fd370de) Importer(815301076,1909f56bfc062723c751e8b465ee728b)  -> (artifact id: '2a06fee9e09d77127100d310449ca393') in 0.004047 seconds 
========================================================================
Received Import Request.
  Time since last request: 0.000056 seconds.
  path: Assets/Materials/Sky/AllSkyFree/Space_AnotherPlanet/AllSky_Space_AnotherPlanet.mat
  artifactKey: Guid(656058fe318eb48558d21d66d1a79a2b) Importer(815301076,1909f56bfc062723c751e8b465ee728b)
Start importing Assets/Materials/Sky/AllSkyFree/Space_AnotherPlanet/AllSky_Space_AnotherPlanet.mat using Guid(656058fe318eb48558d21d66d1a79a2b) Importer(815301076,1909f56bfc062723c751e8b465ee728b)  -> (artifact id: '03fd289b41ec6d2ca602062f7071a4ff') in 0.021420 seconds 
========================================================================
Received Import Request.
  Time since last request: 0.000065 seconds.
  path: Assets/Materials/Sky/AllSkyFree/_AllSkyFreeDemoEnvironment/Materials/AllSkyDemoEnv_Flag_Blue.mat
  artifactKey: Guid(8e64a72f2cb9c45bba4b11d98489b11f) Importer(815301076,1909f56bfc062723c751e8b465ee728b)
Start importing Assets/Materials/Sky/AllSkyFree/_AllSkyFreeDemoEnvironment/Materials/AllSkyDemoEnv_Flag_Blue.mat using Guid(8e64a72f2cb9c45bba4b11d98489b11f) Importer(815301076,1909f56bfc062723c751e8b465ee728b)  -> (artifact id: 'b5dd4f2b23999b20a83be774ec4ea385') in 0.005961 seconds 
========================================================================
Received Import Request.
  Time since last request: 0.000036 seconds.
  path: Assets/Materials/Sky/AllSkyFree/Epic_GloriousPink/Materials/Epic_GloriousPink_EquiRect.mat
  artifactKey: Guid(730dd88456b624d97a4324a293a66ea3) Importer(815301076,1909f56bfc062723c751e8b465ee728b)
Start importing Assets/Materials/Sky/AllSkyFree/Epic_GloriousPink/Materials/Epic_GloriousPink_EquiRect.mat using Guid(730dd88456b624d97a4324a293a66ea3) Importer(815301076,1909f56bfc062723c751e8b465ee728b)  -> (artifact id: '7d8d8b8f56ed39a1ec7d0898a1aaa87f') in 0.019276 seconds 
========================================================================
Received Import Request.
  Time since last request: 0.000047 seconds.
  path: Assets/Materials/Sky/AllSkyFree/_AllSkyFreeDemoEnvironment/Materials/AllSkyDemoEnv_TreeLeaves.mat
  artifactKey: Guid(2f31f4440de60444b8dd94d4d64b3c00) Importer(815301076,1909f56bfc062723c751e8b465ee728b)
Start importing Assets/Materials/Sky/AllSkyFree/_AllSkyFreeDemoEnvironment/Materials/AllSkyDemoEnv_TreeLeaves.mat using Guid(2f31f4440de60444b8dd94d4d64b3c00) Importer(815301076,1909f56bfc062723c751e8b465ee728b)  -> (artifact id: '5e7346f02cef2ab6261f99c70cbb934c') in 0.004666 seconds 
========================================================================
Received Import Request.
  Time since last request: 0.000069 seconds.
  path: Assets/Materials/Sky/AllSkyFree/_AllSkyFreeDemoEnvironment/Materials/AllSkyDemoEnv_LightMetal.mat
  artifactKey: Guid(3e33a38e2349f447d9fb9ae62269009c) Importer(815301076,1909f56bfc062723c751e8b465ee728b)
Start importing Assets/Materials/Sky/AllSkyFree/_AllSkyFreeDemoEnvironment/Materials/AllSkyDemoEnv_LightMetal.mat using Guid(3e33a38e2349f447d9fb9ae62269009c) Importer(815301076,1909f56bfc062723c751e8b465ee728b)  -> (artifact id: '2c80d5461e4bed22d67a17e92b9259a3') in 0.004578 seconds 
========================================================================
Received Import Request.
  Time since last request: 0.000058 seconds.
  path: Assets/Materials/Sky/AllSkyFree/Cold Night/Materials/Cold Night Equirect.mat
  artifactKey: Guid(8517f8861350441e79fc94fd933bddb1) Importer(815301076,1909f56bfc062723c751e8b465ee728b)
Start importing Assets/Materials/Sky/AllSkyFree/Cold Night/Materials/Cold Night Equirect.mat using Guid(8517f8861350441e79fc94fd933bddb1) Importer(815301076,1909f56bfc062723c751e8b465ee728b)  -> (artifact id: '2b8119ef1e7fbdc794aa09a594c81d91') in 0.014578 seconds 
========================================================================
Received Import Request.
  Time since last request: 0.000059 seconds.
  path: Assets/Materials/Sky/AllSkyFree/_AllSkyFreeDemoEnvironment/Materials/AllSkyDemoEnv_SphereSkyReflect.mat
  artifactKey: Guid(6b37186f17556447eb6746e517892110) Importer(815301076,1909f56bfc062723c751e8b465ee728b)
Start importing Assets/Materials/Sky/AllSkyFree/_AllSkyFreeDemoEnvironment/Materials/AllSkyDemoEnv_SphereSkyReflect.mat using Guid(6b37186f17556447eb6746e517892110) Importer(815301076,1909f56bfc062723c751e8b465ee728b)  -> (artifact id: '3c32437baeb7debdb6c1ef6c85abdf77') in 0.302439 seconds 
========================================================================
Received Import Request.
  Time since last request: 0.000055 seconds.
  path: Assets/Materials/Sky/AllSkyFree/Cartoon Base BlueSky/Day_BlueSky_Nothing.mat
  artifactKey: Guid(c56e28e54cac24b04ae3dd957d214534) Importer(815301076,1909f56bfc062723c751e8b465ee728b)
Start importing Assets/Materials/Sky/AllSkyFree/Cartoon Base BlueSky/Day_BlueSky_Nothing.mat using Guid(c56e28e54cac24b04ae3dd957d214534) Importer(815301076,1909f56bfc062723c751e8b465ee728b)  -> (artifact id: '0318f28427195025d606261ac1d9db58') in 0.015998 seconds 
========================================================================
Received Import Request.
  Time since last request: 0.000032 seconds.
  path: Assets/Materials/Sky/AllSkyFree/_AllSkyFreeDemoEnvironment/Materials/AllSkyDemoEnv_Flag_Gold.mat
  artifactKey: Guid(01a7bc73373864398befa5c72ebb094c) Importer(815301076,1909f56bfc062723c751e8b465ee728b)
Start importing Assets/Materials/Sky/AllSkyFree/_AllSkyFreeDemoEnvironment/Materials/AllSkyDemoEnv_Flag_Gold.mat using Guid(01a7bc73373864398befa5c72ebb094c) Importer(815301076,1909f56bfc062723c751e8b465ee728b)  -> (artifact id: '92694c1cbcdbfb73c383dc3d94d0500b') in 0.005288 seconds 
========================================================================
Received Import Request.
  Time since last request: 0.000061 seconds.
  path: Assets/Materials/Sky/AllSkyFree/_AllSkyFreeDemoEnvironment/Materials/Landscape.mat
  artifactKey: Guid(1045d2cff7dde4d3ab5feb4f0dbc7f8f) Importer(815301076,1909f56bfc062723c751e8b465ee728b)
Start importing Assets/Materials/Sky/AllSkyFree/_AllSkyFreeDemoEnvironment/Materials/Landscape.mat using Guid(1045d2cff7dde4d3ab5feb4f0dbc7f8f) Importer(815301076,1909f56bfc062723c751e8b465ee728b)  -> (artifact id: 'd0af8d31a5ae9c17190f791b9cc3f884') in 0.007070 seconds 
========================================================================
Received Import Request.
  Time since last request: 0.000092 seconds.
  path: Assets/Materials/Sky/AllSkyFree/_AllSkyFreeDemoEnvironment/Materials/AllSkyDemoEnv_Building.mat
  artifactKey: Guid(4ecd3f24879b0402c92f21617e3db5e1) Importer(815301076,1909f56bfc062723c751e8b465ee728b)
Start importing Assets/Materials/Sky/AllSkyFree/_AllSkyFreeDemoEnvironment/Materials/AllSkyDemoEnv_Building.mat using Guid(4ecd3f24879b0402c92f21617e3db5e1) Importer(815301076,1909f56bfc062723c751e8b465ee728b)  -> (artifact id: '866d311369266e931cb26d570effdfaa') in 0.005314 seconds 
