Unity Editor version:    2021.3.25f1 (68ef2c4f8861)
Branch:                  2021.3/staging
Build type:              Release
Batch mode:              YES
macOS version:           Version 13.0.1 (Build 22A400)
Darwin version:          22.1.0
Architecture:            arm64
Running under Rosetta:   NO
Available memory:        16384 MB
Using pre-set license
Pro License: YES

COMMAND LINE ARGUMENTS:
/Users/Shy/Documents/Unity/2021.3.25f1/Unity.app/Contents/MacOS/Unity
-adb2
-batchMode
-noUpm
-name
AssetImportWorker1
-projectPath
/Users/Shy/Documents/RandomEvents
-logFile
Logs/AssetImportWorker1.log
-srvPort
50926
Successfully changed project path to: /Users/Shy/Documents/RandomEvents
/Users/Shy/Documents/RandomEvents
[UnityMemory] Configuration Parameters - Can be set up in boot.config
    "memorysetup-bucket-allocator-granularity=16"
    "memorysetup-bucket-allocator-bucket-count=8"
    "memorysetup-bucket-allocator-block-size=33554432"
    "memorysetup-bucket-allocator-block-count=8"
    "memorysetup-main-allocator-block-size=16777216"
    "memorysetup-thread-allocator-block-size=16777216"
    "memorysetup-gfx-main-allocator-block-size=16777216"
    "memorysetup-gfx-thread-allocator-block-size=16777216"
    "memorysetup-cache-allocator-block-size=4194304"
    "memorysetup-typetree-allocator-block-size=2097152"
    "memorysetup-profiler-bucket-allocator-granularity=16"
    "memorysetup-profiler-bucket-allocator-bucket-count=8"
    "memorysetup-profiler-bucket-allocator-block-size=33554432"
    "memorysetup-profiler-bucket-allocator-block-count=8"
    "memorysetup-profiler-allocator-block-size=16777216"
    "memorysetup-profiler-editor-allocator-block-size=1048576"
    "memorysetup-temp-allocator-size-main=16777216"
    "memorysetup-job-temp-allocator-block-size=2097152"
    "memorysetup-job-temp-allocator-block-size-background=1048576"
    "memorysetup-job-temp-allocator-reduction-small-platforms=262144"
    "memorysetup-temp-allocator-size-background-worker=32768"
    "memorysetup-temp-allocator-size-job-worker=262144"
    "memorysetup-temp-allocator-size-preload-manager=33554432"
    "memorysetup-temp-allocator-size-nav-mesh-worker=65536"
    "memorysetup-temp-allocator-size-audio-worker=65536"
    "memorysetup-temp-allocator-size-cloud-worker=32768"
    "memorysetup-temp-allocator-size-gi-baking-worker=262144"
    "memorysetup-temp-allocator-size-gfx=262144"
Player connection [8175609088] Host "[IP] 172.20.10.2 [Port] 0 [Flags] 2 [Guid] 675289133 [EditorId] 675289133 [Version] 1048832 [Id] OSXEditor(0,MacBook-Pro-Shy.local) [Debug] 1 [PackageName] OSXEditor [ProjectName] Editor" joined multi-casting on [225.0.0.222:54997]...

Player connection [8175609088] Host "[IP] 172.20.10.2 [Port] 0 [Flags] 2 [Guid] 675289133 [EditorId] 675289133 [Version] 1048832 [Id] OSXEditor(0,MacBook-Pro-Shy.local) [Debug] 1 [PackageName] OSXEditor [ProjectName] Editor" joined alternative multi-casting on [225.0.0.222:34997]...

Refreshing native plugins compatible for Editor in 52.74 ms, found 2 plugins.
Preloading 0 native plugins for Editor in 0.00 ms.
Initialize engine version: 2021.3.25f1 (68ef2c4f8861)
[Subsystems] Discovering subsystems at path /Users/Shy/Documents/Unity/2021.3.25f1/Unity.app/Contents/Resources/UnitySubsystems
[Subsystems] Discovering subsystems at path /Users/Shy/Documents/RandomEvents/Assets
GfxDevice: creating device client; threaded=0; jobified=0
 preferred device: Apple M1 Pro (high power)
Metal devices available: 1
0: Apple M1 Pro (high power)
Using device Apple M1 Pro (high power)
Initializing Metal device caps: Apple M1 Pro
Initialize mono
Mono path[0] = '/Users/Shy/Documents/Unity/2021.3.25f1/Unity.app/Contents/Managed'
Mono path[1] = '/Users/Shy/Documents/Unity/2021.3.25f1/Unity.app/Contents/MonoBleedingEdge/lib/mono/unityjit-macos'
Mono config path = '/Users/Shy/Documents/Unity/2021.3.25f1/Unity.app/Contents/MonoBleedingEdge/etc'
Using monoOptions --debugger-agent=transport=dt_socket,embedding=1,server=y,suspend=n,address=127.0.0.1:56037
Begin MonoManager ReloadAssembly
Registering precompiled unity dll's ...
Register platform support module: /Users/Shy/Documents/Unity/2021.3.25f1/Unity.app/Contents/PlaybackEngines/MacStandaloneSupport/UnityEditor.OSXStandalone.Extensions.dll
Registered in 0.000661 seconds.
Native extension for OSXStandalone target not found
Refreshing native plugins compatible for Editor in 57.11 ms, found 2 plugins.
Preloading 0 native plugins for Editor in 0.00 ms.
Mono: successfully reloaded assembly
- Completed reload, in  0.372 seconds
Domain Reload Profiling:
	ReloadAssembly (372ms)
		BeginReloadAssembly (42ms)
			ExecutionOrderSort (0ms)
			DisableScriptedObjects (0ms)
			BackupInstance (0ms)
			ReleaseScriptingObjects (0ms)
			CreateAndSetChildDomain (0ms)
		EndReloadAssembly (275ms)
			LoadAssemblies (41ms)
			RebuildTransferFunctionScriptingTraits (0ms)
			SetupTypeCache (67ms)
			ReleaseScriptCaches (0ms)
			RebuildScriptCaches (20ms)
			SetupLoadedEditorAssemblies (162ms)
				LogAssemblyErrors (0ms)
				InitializePlatformSupportModulesInManaged (4ms)
				SetLoadedEditorAssemblies (0ms)
				RefreshPlugins (57ms)
				BeforeProcessingInitializeOnLoad (1ms)
				ProcessInitializeOnLoadAttributes (76ms)
				ProcessInitializeOnLoadMethodAttributes (24ms)
				AfterProcessingInitializeOnLoad (0ms)
				EditorAssembliesLoaded (0ms)
			ExecutionOrderSort2 (0ms)
			AwakeInstancesAfterBackupRestoration (0ms)
Platform modules already initialized, skipping
Registering precompiled user dll's ...
Registered in 0.001216 seconds.
Begin MonoManager ReloadAssembly
Symbol file LoadedFromMemory doesn't match image /Users/Shy/Documents/RandomEvents/Library/PackageCache/com.unity.visualscripting@1.8.0/Editor/VisualScripting.Core/Dependencies/YamlDotNet/Unity.VisualScripting.YamlDotNet.dll
Symbol file LoadedFromMemory doesn't match image /Users/Shy/Documents/RandomEvents/Library/PackageCache/com.unity.visualscripting@1.8.0/Editor/VisualScripting.Core/Dependencies/DotNetZip/Unity.VisualScripting.IonicZip.dll
Native extension for OSXStandalone target not found
Refreshing native plugins compatible for Editor in 0.33 ms, found 2 plugins.
Preloading 0 native plugins for Editor in 0.00 ms.
Mono: successfully reloaded assembly
- Completed reload, in  0.517 seconds
Domain Reload Profiling:
	ReloadAssembly (517ms)
		BeginReloadAssembly (61ms)
			ExecutionOrderSort (0ms)
			DisableScriptedObjects (3ms)
			BackupInstance (0ms)
			ReleaseScriptingObjects (0ms)
			CreateAndSetChildDomain (14ms)
		EndReloadAssembly (395ms)
			LoadAssemblies (35ms)
			RebuildTransferFunctionScriptingTraits (0ms)
			SetupTypeCache (125ms)
			ReleaseScriptCaches (0ms)
			RebuildScriptCaches (30ms)
			SetupLoadedEditorAssemblies (187ms)
				LogAssemblyErrors (0ms)
				InitializePlatformSupportModulesInManaged (2ms)
				SetLoadedEditorAssemblies (0ms)
				RefreshPlugins (0ms)
				BeforeProcessingInitializeOnLoad (42ms)
				ProcessInitializeOnLoadAttributes (129ms)
				ProcessInitializeOnLoadMethodAttributes (11ms)
				AfterProcessingInitializeOnLoad (1ms)
				EditorAssembliesLoaded (0ms)
			ExecutionOrderSort2 (0ms)
			AwakeInstancesAfterBackupRestoration (2ms)
Platform modules already initialized, skipping
========================================================================
Worker process is ready to serve import requests
Launching external process: /Users/Shy/Documents/Unity/2021.3.25f1/Unity.app/Contents/Tools/UnityShaderCompiler
Launched and connected shader compiler UnityShaderCompiler after 0.05 seconds
Refreshing native plugins compatible for Editor in 0.30 ms, found 2 plugins.
Preloading 0 native plugins for Editor in 0.00 ms.
Unloading 2931 Unused Serialized files (Serialized files now loaded: 0)
Unloading 21 unused Assets / (Unknown). Loaded Objects now: 3394.
Memory consumption went from 100.0 MB to 100.1 MB.
Total: 1.862958 ms (FindLiveObjects: 0.088542 ms CreateObjectMapping: 0.031167 ms MarkObjects: 1.692500 ms  DeleteObjects: 0.050291 ms)

AssetImportParameters requested are different than current active one (requested -> active):
  custom:video-decoder-ogg-theora: a1e56fd34408186e4bbccfd4996cb3dc -> 
  custom:container-muxer-webm: aa71ff27fc2769a1b78a27578f13a17b -> 
  custom:container-demuxer-webm: 4f35f7cbe854078d1ac9338744f61a02 -> 
  custom:video-encoder-webm-vp8: eb34c28f22e8b96e1ab97ce403110664 -> 
  custom:framework-osx-AVFoundation: e770b220cccbd017edd2c1fefb359320 -> 
  custom:audio-encoder-webm-vorbis: bf7c407c2cedff20999df2af8eb42d56 -> 
  custom:container-demuxer-ogg: 62fdf1f143b41e24485cea50d1cbac27 -> 
  custom:video-decoder-webm-vp8: 9c59270c3fd7afecdb556c50c9e8de78 -> 
  custom:audio-decoder-ogg-vorbis: bf7c407c2cedff20999df2af8eb42d56 -> 
========================================================================
Received Import Request.
  Time since last request: 16028.277255 seconds.
  path: Assets/Sounds/BackgroundMusic
  artifactKey: Guid(a6f9855611dc14a5e88ad4c840e95799) Importer(815301076,1909f56bfc062723c751e8b465ee728b)
Start importing Assets/Sounds/BackgroundMusic using Guid(a6f9855611dc14a5e88ad4c840e95799) Importer(815301076,1909f56bfc062723c751e8b465ee728b)  -> (artifact id: '446628105b7efc9aaa583c0c0faa7e23') in 0.004784 seconds 
========================================================================
Received Prepare
Registering precompiled user dll's ...
Registered in 0.001698 seconds.
Begin MonoManager ReloadAssembly
Thread 0x296fc7000 may have been prematurely finalized
Symbol file LoadedFromMemory doesn't match image /Users/Shy/Documents/RandomEvents/Library/PackageCache/com.unity.visualscripting@1.8.0/Editor/VisualScripting.Core/Dependencies/YamlDotNet/Unity.VisualScripting.YamlDotNet.dll
Symbol file LoadedFromMemory doesn't match image /Users/Shy/Documents/RandomEvents/Library/PackageCache/com.unity.visualscripting@1.8.0/Editor/VisualScripting.Core/Dependencies/DotNetZip/Unity.VisualScripting.IonicZip.dll
Native extension for OSXStandalone target not found
Refreshing native plugins compatible for Editor in 0.33 ms, found 2 plugins.
Preloading 0 native plugins for Editor in 0.00 ms.
Mono: successfully reloaded assembly
- Completed reload, in  0.492 seconds
Domain Reload Profiling:
	ReloadAssembly (492ms)
		BeginReloadAssembly (75ms)
			ExecutionOrderSort (0ms)
			DisableScriptedObjects (3ms)
			BackupInstance (0ms)
			ReleaseScriptingObjects (0ms)
			CreateAndSetChildDomain (23ms)
		EndReloadAssembly (366ms)
			LoadAssemblies (36ms)
			RebuildTransferFunctionScriptingTraits (0ms)
			SetupTypeCache (128ms)
			ReleaseScriptCaches (1ms)
			RebuildScriptCaches (25ms)
			SetupLoadedEditorAssemblies (156ms)
				LogAssemblyErrors (0ms)
				InitializePlatformSupportModulesInManaged (2ms)
				SetLoadedEditorAssemblies (0ms)
				RefreshPlugins (0ms)
				BeforeProcessingInitializeOnLoad (29ms)
				ProcessInitializeOnLoadAttributes (111ms)
				ProcessInitializeOnLoadMethodAttributes (13ms)
				AfterProcessingInitializeOnLoad (1ms)
				EditorAssembliesLoaded (0ms)
			ExecutionOrderSort2 (0ms)
			AwakeInstancesAfterBackupRestoration (2ms)
Platform modules already initialized, skipping
Refreshing native plugins compatible for Editor in 0.67 ms, found 2 plugins.
Preloading 0 native plugins for Editor in 0.00 ms.
Unloading 2912 Unused Serialized files (Serialized files now loaded: 0)
Unloading 14 unused Assets / (21.9 KB). Loaded Objects now: 3397.
Memory consumption went from 98.6 MB to 98.6 MB.
Total: 1.998458 ms (FindLiveObjects: 0.102209 ms CreateObjectMapping: 0.033834 ms MarkObjects: 1.848708 ms  DeleteObjects: 0.013041 ms)

AssetImportParameters requested are different than current active one (requested -> active):
  custom:video-decoder-ogg-theora: a1e56fd34408186e4bbccfd4996cb3dc -> 
  custom:container-muxer-webm: aa71ff27fc2769a1b78a27578f13a17b -> 
  custom:container-demuxer-webm: 4f35f7cbe854078d1ac9338744f61a02 -> 
  custom:video-encoder-webm-vp8: eb34c28f22e8b96e1ab97ce403110664 -> 
  custom:framework-osx-AVFoundation: e770b220cccbd017edd2c1fefb359320 -> 
  custom:audio-encoder-webm-vorbis: bf7c407c2cedff20999df2af8eb42d56 -> 
  custom:container-demuxer-ogg: 62fdf1f143b41e24485cea50d1cbac27 -> 
  custom:video-decoder-webm-vp8: 9c59270c3fd7afecdb556c50c9e8de78 -> 
  custom:audio-decoder-ogg-vorbis: bf7c407c2cedff20999df2af8eb42d56 -> 
========================================================================
Received Prepare
Registering precompiled user dll's ...
Registered in 0.001267 seconds.
Begin MonoManager ReloadAssembly
Thread 0x16d43f000 may have been prematurely finalized
Symbol file LoadedFromMemory doesn't match image /Users/Shy/Documents/RandomEvents/Library/PackageCache/com.unity.visualscripting@1.8.0/Editor/VisualScripting.Core/Dependencies/YamlDotNet/Unity.VisualScripting.YamlDotNet.dll
Symbol file LoadedFromMemory doesn't match image /Users/Shy/Documents/RandomEvents/Library/PackageCache/com.unity.visualscripting@1.8.0/Editor/VisualScripting.Core/Dependencies/DotNetZip/Unity.VisualScripting.IonicZip.dll
Native extension for OSXStandalone target not found
Refreshing native plugins compatible for Editor in 0.32 ms, found 2 plugins.
Preloading 0 native plugins for Editor in 0.00 ms.
Mono: successfully reloaded assembly
- Completed reload, in  0.492 seconds
Domain Reload Profiling:
	ReloadAssembly (492ms)
		BeginReloadAssembly (75ms)
			ExecutionOrderSort (0ms)
			DisableScriptedObjects (3ms)
			BackupInstance (0ms)
			ReleaseScriptingObjects (0ms)
			CreateAndSetChildDomain (23ms)
		EndReloadAssembly (366ms)
			LoadAssemblies (35ms)
			RebuildTransferFunctionScriptingTraits (0ms)
			SetupTypeCache (126ms)
			ReleaseScriptCaches (1ms)
			RebuildScriptCaches (26ms)
			SetupLoadedEditorAssemblies (158ms)
				LogAssemblyErrors (0ms)
				InitializePlatformSupportModulesInManaged (3ms)
				SetLoadedEditorAssemblies (0ms)
				RefreshPlugins (0ms)
				BeforeProcessingInitializeOnLoad (28ms)
				ProcessInitializeOnLoadAttributes (114ms)
				ProcessInitializeOnLoadMethodAttributes (11ms)
				AfterProcessingInitializeOnLoad (1ms)
				EditorAssembliesLoaded (0ms)
			ExecutionOrderSort2 (0ms)
			AwakeInstancesAfterBackupRestoration (2ms)
Platform modules already initialized, skipping
Refreshing native plugins compatible for Editor in 0.72 ms, found 2 plugins.
Preloading 0 native plugins for Editor in 0.00 ms.
Unloading 2912 Unused Serialized files (Serialized files now loaded: 0)
Unloading 14 unused Assets / (21.9 KB). Loaded Objects now: 3400.
Memory consumption went from 98.6 MB to 98.6 MB.
Total: 2.027250 ms (FindLiveObjects: 0.101458 ms CreateObjectMapping: 0.034333 ms MarkObjects: 1.876917 ms  DeleteObjects: 0.014083 ms)

AssetImportParameters requested are different than current active one (requested -> active):
  custom:video-decoder-ogg-theora: a1e56fd34408186e4bbccfd4996cb3dc -> 
  custom:container-muxer-webm: aa71ff27fc2769a1b78a27578f13a17b -> 
  custom:container-demuxer-webm: 4f35f7cbe854078d1ac9338744f61a02 -> 
  custom:video-encoder-webm-vp8: eb34c28f22e8b96e1ab97ce403110664 -> 
  custom:framework-osx-AVFoundation: e770b220cccbd017edd2c1fefb359320 -> 
  custom:audio-encoder-webm-vorbis: bf7c407c2cedff20999df2af8eb42d56 -> 
  custom:container-demuxer-ogg: 62fdf1f143b41e24485cea50d1cbac27 -> 
  custom:video-decoder-webm-vp8: 9c59270c3fd7afecdb556c50c9e8de78 -> 
  custom:audio-decoder-ogg-vorbis: bf7c407c2cedff20999df2af8eb42d56 -> 
========================================================================
Received Prepare
Registering precompiled user dll's ...
Registered in 0.001371 seconds.
Begin MonoManager ReloadAssembly
Thread 0x16d43f000 may have been prematurely finalized
Symbol file LoadedFromMemory doesn't match image /Users/Shy/Documents/RandomEvents/Library/PackageCache/com.unity.visualscripting@1.8.0/Editor/VisualScripting.Core/Dependencies/YamlDotNet/Unity.VisualScripting.YamlDotNet.dll
Symbol file LoadedFromMemory doesn't match image /Users/Shy/Documents/RandomEvents/Library/PackageCache/com.unity.visualscripting@1.8.0/Editor/VisualScripting.Core/Dependencies/DotNetZip/Unity.VisualScripting.IonicZip.dll
Native extension for OSXStandalone target not found
Refreshing native plugins compatible for Editor in 0.36 ms, found 2 plugins.
Preloading 0 native plugins for Editor in 0.00 ms.
Mono: successfully reloaded assembly
- Completed reload, in  0.500 seconds
Domain Reload Profiling:
	ReloadAssembly (500ms)
		BeginReloadAssembly (74ms)
			ExecutionOrderSort (0ms)
			DisableScriptedObjects (3ms)
			BackupInstance (0ms)
			ReleaseScriptingObjects (0ms)
			CreateAndSetChildDomain (22ms)
		EndReloadAssembly (374ms)
			LoadAssemblies (35ms)
			RebuildTransferFunctionScriptingTraits (0ms)
			SetupTypeCache (131ms)
			ReleaseScriptCaches (1ms)
			RebuildScriptCaches (27ms)
			SetupLoadedEditorAssemblies (160ms)
				LogAssemblyErrors (0ms)
				InitializePlatformSupportModulesInManaged (2ms)
				SetLoadedEditorAssemblies (0ms)
				RefreshPlugins (0ms)
				BeforeProcessingInitializeOnLoad (30ms)
				ProcessInitializeOnLoadAttributes (115ms)
				ProcessInitializeOnLoadMethodAttributes (11ms)
				AfterProcessingInitializeOnLoad (1ms)
				EditorAssembliesLoaded (0ms)
			ExecutionOrderSort2 (0ms)
			AwakeInstancesAfterBackupRestoration (2ms)
Platform modules already initialized, skipping
Refreshing native plugins compatible for Editor in 0.66 ms, found 2 plugins.
Preloading 0 native plugins for Editor in 0.00 ms.
Unloading 2912 Unused Serialized files (Serialized files now loaded: 0)
Unloading 14 unused Assets / (21.9 KB). Loaded Objects now: 3403.
Memory consumption went from 98.6 MB to 98.6 MB.
Total: 2.057875 ms (FindLiveObjects: 0.103625 ms CreateObjectMapping: 0.034000 ms MarkObjects: 1.905541 ms  DeleteObjects: 0.014000 ms)

AssetImportParameters requested are different than current active one (requested -> active):
  custom:video-decoder-ogg-theora: a1e56fd34408186e4bbccfd4996cb3dc -> 
  custom:container-muxer-webm: aa71ff27fc2769a1b78a27578f13a17b -> 
  custom:container-demuxer-webm: 4f35f7cbe854078d1ac9338744f61a02 -> 
  custom:video-encoder-webm-vp8: eb34c28f22e8b96e1ab97ce403110664 -> 
  custom:framework-osx-AVFoundation: e770b220cccbd017edd2c1fefb359320 -> 
  custom:audio-encoder-webm-vorbis: bf7c407c2cedff20999df2af8eb42d56 -> 
  custom:container-demuxer-ogg: 62fdf1f143b41e24485cea50d1cbac27 -> 
  custom:video-decoder-webm-vp8: 9c59270c3fd7afecdb556c50c9e8de78 -> 
  custom:audio-decoder-ogg-vorbis: bf7c407c2cedff20999df2af8eb42d56 -> 
========================================================================
Received Prepare
Registering precompiled user dll's ...
Registered in 0.001549 seconds.
Begin MonoManager ReloadAssembly
Thread 0x16d43f000 may have been prematurely finalized
Symbol file LoadedFromMemory doesn't match image /Users/Shy/Documents/RandomEvents/Library/PackageCache/com.unity.visualscripting@1.8.0/Editor/VisualScripting.Core/Dependencies/YamlDotNet/Unity.VisualScripting.YamlDotNet.dll
Symbol file LoadedFromMemory doesn't match image /Users/Shy/Documents/RandomEvents/Library/PackageCache/com.unity.visualscripting@1.8.0/Editor/VisualScripting.Core/Dependencies/DotNetZip/Unity.VisualScripting.IonicZip.dll
Native extension for OSXStandalone target not found
Refreshing native plugins compatible for Editor in 0.34 ms, found 2 plugins.
Preloading 0 native plugins for Editor in 0.00 ms.
Mono: successfully reloaded assembly
- Completed reload, in  0.492 seconds
Domain Reload Profiling:
	ReloadAssembly (492ms)
		BeginReloadAssembly (75ms)
			ExecutionOrderSort (0ms)
			DisableScriptedObjects (3ms)
			BackupInstance (0ms)
			ReleaseScriptingObjects (0ms)
			CreateAndSetChildDomain (23ms)
		EndReloadAssembly (364ms)
			LoadAssemblies (35ms)
			RebuildTransferFunctionScriptingTraits (0ms)
			SetupTypeCache (126ms)
			ReleaseScriptCaches (1ms)
			RebuildScriptCaches (27ms)
			SetupLoadedEditorAssemblies (156ms)
				LogAssemblyErrors (0ms)
				InitializePlatformSupportModulesInManaged (2ms)
				SetLoadedEditorAssemblies (0ms)
				RefreshPlugins (0ms)
				BeforeProcessingInitializeOnLoad (29ms)
				ProcessInitializeOnLoadAttributes (111ms)
				ProcessInitializeOnLoadMethodAttributes (11ms)
				AfterProcessingInitializeOnLoad (1ms)
				EditorAssembliesLoaded (0ms)
			ExecutionOrderSort2 (0ms)
			AwakeInstancesAfterBackupRestoration (2ms)
Platform modules already initialized, skipping
Refreshing native plugins compatible for Editor in 0.65 ms, found 2 plugins.
Preloading 0 native plugins for Editor in 0.00 ms.
Unloading 2912 Unused Serialized files (Serialized files now loaded: 0)
Unloading 14 unused Assets / (21.9 KB). Loaded Objects now: 3406.
Memory consumption went from 98.6 MB to 98.6 MB.
Total: 1.868125 ms (FindLiveObjects: 0.098292 ms CreateObjectMapping: 0.033666 ms MarkObjects: 1.722792 ms  DeleteObjects: 0.012584 ms)

AssetImportParameters requested are different than current active one (requested -> active):
  custom:video-decoder-ogg-theora: a1e56fd34408186e4bbccfd4996cb3dc -> 
  custom:container-muxer-webm: aa71ff27fc2769a1b78a27578f13a17b -> 
  custom:container-demuxer-webm: 4f35f7cbe854078d1ac9338744f61a02 -> 
  custom:video-encoder-webm-vp8: eb34c28f22e8b96e1ab97ce403110664 -> 
  custom:framework-osx-AVFoundation: e770b220cccbd017edd2c1fefb359320 -> 
  custom:audio-encoder-webm-vorbis: bf7c407c2cedff20999df2af8eb42d56 -> 
  custom:container-demuxer-ogg: 62fdf1f143b41e24485cea50d1cbac27 -> 
  custom:video-decoder-webm-vp8: 9c59270c3fd7afecdb556c50c9e8de78 -> 
  custom:audio-decoder-ogg-vorbis: bf7c407c2cedff20999df2af8eb42d56 -> 
========================================================================
Received Prepare
Registering precompiled user dll's ...
Registered in 0.001452 seconds.
Begin MonoManager ReloadAssembly
Thread 0x16d43f000 may have been prematurely finalized
Symbol file LoadedFromMemory doesn't match image /Users/Shy/Documents/RandomEvents/Library/PackageCache/com.unity.visualscripting@1.8.0/Editor/VisualScripting.Core/Dependencies/YamlDotNet/Unity.VisualScripting.YamlDotNet.dll
Symbol file LoadedFromMemory doesn't match image /Users/Shy/Documents/RandomEvents/Library/PackageCache/com.unity.visualscripting@1.8.0/Editor/VisualScripting.Core/Dependencies/DotNetZip/Unity.VisualScripting.IonicZip.dll
Native extension for OSXStandalone target not found
Refreshing native plugins compatible for Editor in 0.33 ms, found 2 plugins.
Preloading 0 native plugins for Editor in 0.00 ms.
Mono: successfully reloaded assembly
- Completed reload, in  0.490 seconds
Domain Reload Profiling:
	ReloadAssembly (490ms)
		BeginReloadAssembly (75ms)
			ExecutionOrderSort (0ms)
			DisableScriptedObjects (3ms)
			BackupInstance (0ms)
			ReleaseScriptingObjects (0ms)
			CreateAndSetChildDomain (23ms)
		EndReloadAssembly (364ms)
			LoadAssemblies (35ms)
			RebuildTransferFunctionScriptingTraits (0ms)
			SetupTypeCache (126ms)
			ReleaseScriptCaches (1ms)
			RebuildScriptCaches (25ms)
			SetupLoadedEditorAssemblies (157ms)
				LogAssemblyErrors (0ms)
				InitializePlatformSupportModulesInManaged (2ms)
				SetLoadedEditorAssemblies (0ms)
				RefreshPlugins (0ms)
				BeforeProcessingInitializeOnLoad (29ms)
				ProcessInitializeOnLoadAttributes (113ms)
				ProcessInitializeOnLoadMethodAttributes (12ms)
				AfterProcessingInitializeOnLoad (1ms)
				EditorAssembliesLoaded (0ms)
			ExecutionOrderSort2 (0ms)
			AwakeInstancesAfterBackupRestoration (2ms)
Platform modules already initialized, skipping
Refreshing native plugins compatible for Editor in 0.66 ms, found 2 plugins.
Preloading 0 native plugins for Editor in 0.00 ms.
Unloading 2912 Unused Serialized files (Serialized files now loaded: 0)
Unloading 14 unused Assets / (22.0 KB). Loaded Objects now: 3409.
Memory consumption went from 98.6 MB to 98.6 MB.
Total: 2.202000 ms (FindLiveObjects: 0.100667 ms CreateObjectMapping: 0.033459 ms MarkObjects: 2.052250 ms  DeleteObjects: 0.014750 ms)

AssetImportParameters requested are different than current active one (requested -> active):
  custom:video-decoder-ogg-theora: a1e56fd34408186e4bbccfd4996cb3dc -> 
  custom:container-muxer-webm: aa71ff27fc2769a1b78a27578f13a17b -> 
  custom:container-demuxer-webm: 4f35f7cbe854078d1ac9338744f61a02 -> 
  custom:video-encoder-webm-vp8: eb34c28f22e8b96e1ab97ce403110664 -> 
  custom:framework-osx-AVFoundation: e770b220cccbd017edd2c1fefb359320 -> 
  custom:audio-encoder-webm-vorbis: bf7c407c2cedff20999df2af8eb42d56 -> 
  custom:container-demuxer-ogg: 62fdf1f143b41e24485cea50d1cbac27 -> 
  custom:video-decoder-webm-vp8: 9c59270c3fd7afecdb556c50c9e8de78 -> 
  custom:audio-decoder-ogg-vorbis: bf7c407c2cedff20999df2af8eb42d56 -> 
========================================================================
Received Prepare
Registering precompiled user dll's ...
Registered in 0.001561 seconds.
Begin MonoManager ReloadAssembly
Thread 0x16d43f000 may have been prematurely finalized
Symbol file LoadedFromMemory doesn't match image /Users/Shy/Documents/RandomEvents/Library/PackageCache/com.unity.visualscripting@1.8.0/Editor/VisualScripting.Core/Dependencies/YamlDotNet/Unity.VisualScripting.YamlDotNet.dll
Symbol file LoadedFromMemory doesn't match image /Users/Shy/Documents/RandomEvents/Library/PackageCache/com.unity.visualscripting@1.8.0/Editor/VisualScripting.Core/Dependencies/DotNetZip/Unity.VisualScripting.IonicZip.dll
Native extension for OSXStandalone target not found
Refreshing native plugins compatible for Editor in 0.35 ms, found 2 plugins.
Preloading 0 native plugins for Editor in 0.00 ms.
Mono: successfully reloaded assembly
- Completed reload, in  0.494 seconds
Domain Reload Profiling:
	ReloadAssembly (494ms)
		BeginReloadAssembly (74ms)
			ExecutionOrderSort (0ms)
			DisableScriptedObjects (3ms)
			BackupInstance (0ms)
			ReleaseScriptingObjects (0ms)
			CreateAndSetChildDomain (22ms)
		EndReloadAssembly (369ms)
			LoadAssemblies (35ms)
			RebuildTransferFunctionScriptingTraits (0ms)
			SetupTypeCache (127ms)
			ReleaseScriptCaches (1ms)
			RebuildScriptCaches (27ms)
			SetupLoadedEditorAssemblies (160ms)
				LogAssemblyErrors (0ms)
				InitializePlatformSupportModulesInManaged (2ms)
				SetLoadedEditorAssemblies (0ms)
				RefreshPlugins (0ms)
				BeforeProcessingInitializeOnLoad (29ms)
				ProcessInitializeOnLoadAttributes (115ms)
				ProcessInitializeOnLoadMethodAttributes (12ms)
				AfterProcessingInitializeOnLoad (1ms)
				EditorAssembliesLoaded (0ms)
			ExecutionOrderSort2 (0ms)
			AwakeInstancesAfterBackupRestoration (2ms)
Platform modules already initialized, skipping
Refreshing native plugins compatible for Editor in 0.79 ms, found 2 plugins.
Preloading 0 native plugins for Editor in 0.00 ms.
Unloading 2912 Unused Serialized files (Serialized files now loaded: 0)
Unloading 14 unused Assets / (21.9 KB). Loaded Objects now: 3412.
Memory consumption went from 98.6 MB to 98.6 MB.
Total: 2.087708 ms (FindLiveObjects: 0.103375 ms CreateObjectMapping: 0.035167 ms MarkObjects: 1.934083 ms  DeleteObjects: 0.014458 ms)

AssetImportParameters requested are different than current active one (requested -> active):
  custom:video-decoder-ogg-theora: a1e56fd34408186e4bbccfd4996cb3dc -> 
  custom:container-muxer-webm: aa71ff27fc2769a1b78a27578f13a17b -> 
  custom:container-demuxer-webm: 4f35f7cbe854078d1ac9338744f61a02 -> 
  custom:video-encoder-webm-vp8: eb34c28f22e8b96e1ab97ce403110664 -> 
  custom:framework-osx-AVFoundation: e770b220cccbd017edd2c1fefb359320 -> 
  custom:audio-encoder-webm-vorbis: bf7c407c2cedff20999df2af8eb42d56 -> 
  custom:container-demuxer-ogg: 62fdf1f143b41e24485cea50d1cbac27 -> 
  custom:video-decoder-webm-vp8: 9c59270c3fd7afecdb556c50c9e8de78 -> 
  custom:audio-decoder-ogg-vorbis: bf7c407c2cedff20999df2af8eb42d56 -> 
========================================================================
Received Prepare
Registering precompiled user dll's ...
Registered in 0.002618 seconds.
Begin MonoManager ReloadAssembly
Thread 0x16d43f000 may have been prematurely finalized
Symbol file LoadedFromMemory doesn't match image /Users/Shy/Documents/RandomEvents/Library/PackageCache/com.unity.visualscripting@1.8.0/Editor/VisualScripting.Core/Dependencies/YamlDotNet/Unity.VisualScripting.YamlDotNet.dll
Symbol file LoadedFromMemory doesn't match image /Users/Shy/Documents/RandomEvents/Library/PackageCache/com.unity.visualscripting@1.8.0/Editor/VisualScripting.Core/Dependencies/DotNetZip/Unity.VisualScripting.IonicZip.dll
Native extension for OSXStandalone target not found
Refreshing native plugins compatible for Editor in 0.36 ms, found 2 plugins.
Preloading 0 native plugins for Editor in 0.00 ms.
Mono: successfully reloaded assembly
- Completed reload, in  0.495 seconds
Domain Reload Profiling:
	ReloadAssembly (496ms)
		BeginReloadAssembly (74ms)
			ExecutionOrderSort (0ms)
			DisableScriptedObjects (3ms)
			BackupInstance (0ms)
			ReleaseScriptingObjects (0ms)
			CreateAndSetChildDomain (22ms)
		EndReloadAssembly (370ms)
			LoadAssemblies (35ms)
			RebuildTransferFunctionScriptingTraits (0ms)
			SetupTypeCache (128ms)
			ReleaseScriptCaches (1ms)
			RebuildScriptCaches (27ms)
			SetupLoadedEditorAssemblies (158ms)
				LogAssemblyErrors (0ms)
				InitializePlatformSupportModulesInManaged (2ms)
				SetLoadedEditorAssemblies (0ms)
				RefreshPlugins (0ms)
				BeforeProcessingInitializeOnLoad (30ms)
				ProcessInitializeOnLoadAttributes (113ms)
				ProcessInitializeOnLoadMethodAttributes (11ms)
				AfterProcessingInitializeOnLoad (1ms)
				EditorAssembliesLoaded (0ms)
			ExecutionOrderSort2 (0ms)
			AwakeInstancesAfterBackupRestoration (3ms)
Platform modules already initialized, skipping
Refreshing native plugins compatible for Editor in 0.65 ms, found 2 plugins.
Preloading 0 native plugins for Editor in 0.00 ms.
Unloading 2912 Unused Serialized files (Serialized files now loaded: 0)
Unloading 14 unused Assets / (21.9 KB). Loaded Objects now: 3415.
Memory consumption went from 98.6 MB to 98.6 MB.
Total: 2.035375 ms (FindLiveObjects: 0.097917 ms CreateObjectMapping: 0.032542 ms MarkObjects: 1.888500 ms  DeleteObjects: 0.015917 ms)

AssetImportParameters requested are different than current active one (requested -> active):
  custom:video-decoder-ogg-theora: a1e56fd34408186e4bbccfd4996cb3dc -> 
  custom:container-muxer-webm: aa71ff27fc2769a1b78a27578f13a17b -> 
  custom:container-demuxer-webm: 4f35f7cbe854078d1ac9338744f61a02 -> 
  custom:video-encoder-webm-vp8: eb34c28f22e8b96e1ab97ce403110664 -> 
  custom:framework-osx-AVFoundation: e770b220cccbd017edd2c1fefb359320 -> 
  custom:audio-encoder-webm-vorbis: bf7c407c2cedff20999df2af8eb42d56 -> 
  custom:container-demuxer-ogg: 62fdf1f143b41e24485cea50d1cbac27 -> 
  custom:video-decoder-webm-vp8: 9c59270c3fd7afecdb556c50c9e8de78 -> 
  custom:audio-decoder-ogg-vorbis: bf7c407c2cedff20999df2af8eb42d56 -> 
========================================================================
Received Prepare
Registering precompiled user dll's ...
Registered in 0.001432 seconds.
Begin MonoManager ReloadAssembly
Thread 0x16d43f000 may have been prematurely finalized
Symbol file LoadedFromMemory doesn't match image /Users/Shy/Documents/RandomEvents/Library/PackageCache/com.unity.visualscripting@1.8.0/Editor/VisualScripting.Core/Dependencies/YamlDotNet/Unity.VisualScripting.YamlDotNet.dll
Symbol file LoadedFromMemory doesn't match image /Users/Shy/Documents/RandomEvents/Library/PackageCache/com.unity.visualscripting@1.8.0/Editor/VisualScripting.Core/Dependencies/DotNetZip/Unity.VisualScripting.IonicZip.dll
Native extension for OSXStandalone target not found
Refreshing native plugins compatible for Editor in 0.33 ms, found 2 plugins.
Preloading 0 native plugins for Editor in 0.00 ms.
Mono: successfully reloaded assembly
- Completed reload, in  0.495 seconds
Domain Reload Profiling:
	ReloadAssembly (495ms)
		BeginReloadAssembly (74ms)
			ExecutionOrderSort (0ms)
			DisableScriptedObjects (3ms)
			BackupInstance (0ms)
			ReleaseScriptingObjects (0ms)
			CreateAndSetChildDomain (22ms)
		EndReloadAssembly (368ms)
			LoadAssemblies (35ms)
			RebuildTransferFunctionScriptingTraits (0ms)
			SetupTypeCache (129ms)
			ReleaseScriptCaches (1ms)
			RebuildScriptCaches (26ms)
			SetupLoadedEditorAssemblies (158ms)
				LogAssemblyErrors (0ms)
				InitializePlatformSupportModulesInManaged (2ms)
				SetLoadedEditorAssemblies (0ms)
				RefreshPlugins (0ms)
				BeforeProcessingInitializeOnLoad (28ms)
				ProcessInitializeOnLoadAttributes (114ms)
				ProcessInitializeOnLoadMethodAttributes (12ms)
				AfterProcessingInitializeOnLoad (1ms)
				EditorAssembliesLoaded (0ms)
			ExecutionOrderSort2 (0ms)
			AwakeInstancesAfterBackupRestoration (2ms)
Platform modules already initialized, skipping
Refreshing native plugins compatible for Editor in 0.79 ms, found 2 plugins.
Preloading 0 native plugins for Editor in 0.00 ms.
Unloading 2912 Unused Serialized files (Serialized files now loaded: 0)
Unloading 14 unused Assets / (22.0 KB). Loaded Objects now: 3418.
Memory consumption went from 98.6 MB to 98.6 MB.
Total: 2.129584 ms (FindLiveObjects: 0.098458 ms CreateObjectMapping: 0.034958 ms MarkObjects: 1.982625 ms  DeleteObjects: 0.012667 ms)

AssetImportParameters requested are different than current active one (requested -> active):
  custom:video-decoder-ogg-theora: a1e56fd34408186e4bbccfd4996cb3dc -> 
  custom:container-muxer-webm: aa71ff27fc2769a1b78a27578f13a17b -> 
  custom:container-demuxer-webm: 4f35f7cbe854078d1ac9338744f61a02 -> 
  custom:video-encoder-webm-vp8: eb34c28f22e8b96e1ab97ce403110664 -> 
  custom:framework-osx-AVFoundation: e770b220cccbd017edd2c1fefb359320 -> 
  custom:audio-encoder-webm-vorbis: bf7c407c2cedff20999df2af8eb42d56 -> 
  custom:container-demuxer-ogg: 62fdf1f143b41e24485cea50d1cbac27 -> 
  custom:video-decoder-webm-vp8: 9c59270c3fd7afecdb556c50c9e8de78 -> 
  custom:audio-decoder-ogg-vorbis: bf7c407c2cedff20999df2af8eb42d56 -> 
========================================================================
Received Prepare
Registering precompiled user dll's ...
Registered in 0.001586 seconds.
Begin MonoManager ReloadAssembly
Thread 0x16d43f000 may have been prematurely finalized
Symbol file LoadedFromMemory doesn't match image /Users/Shy/Documents/RandomEvents/Library/PackageCache/com.unity.visualscripting@1.8.0/Editor/VisualScripting.Core/Dependencies/YamlDotNet/Unity.VisualScripting.YamlDotNet.dll
Symbol file LoadedFromMemory doesn't match image /Users/Shy/Documents/RandomEvents/Library/PackageCache/com.unity.visualscripting@1.8.0/Editor/VisualScripting.Core/Dependencies/DotNetZip/Unity.VisualScripting.IonicZip.dll
Native extension for OSXStandalone target not found
Refreshing native plugins compatible for Editor in 0.32 ms, found 2 plugins.
Preloading 0 native plugins for Editor in 0.00 ms.
Mono: successfully reloaded assembly
- Completed reload, in  0.496 seconds
Domain Reload Profiling:
	ReloadAssembly (496ms)
		BeginReloadAssembly (74ms)
			ExecutionOrderSort (0ms)
			DisableScriptedObjects (3ms)
			BackupInstance (0ms)
			ReleaseScriptingObjects (0ms)
			CreateAndSetChildDomain (23ms)
		EndReloadAssembly (370ms)
			LoadAssemblies (35ms)
			RebuildTransferFunctionScriptingTraits (0ms)
			SetupTypeCache (128ms)
			ReleaseScriptCaches (1ms)
			RebuildScriptCaches (26ms)
			SetupLoadedEditorAssemblies (160ms)
				LogAssemblyErrors (0ms)
				InitializePlatformSupportModulesInManaged (2ms)
				SetLoadedEditorAssemblies (0ms)
				RefreshPlugins (0ms)
				BeforeProcessingInitializeOnLoad (29ms)
				ProcessInitializeOnLoadAttributes (115ms)
				ProcessInitializeOnLoadMethodAttributes (12ms)
				AfterProcessingInitializeOnLoad (1ms)
				EditorAssembliesLoaded (0ms)
			ExecutionOrderSort2 (0ms)
			AwakeInstancesAfterBackupRestoration (2ms)
Platform modules already initialized, skipping
Refreshing native plugins compatible for Editor in 0.66 ms, found 2 plugins.
Preloading 0 native plugins for Editor in 0.00 ms.
Unloading 2912 Unused Serialized files (Serialized files now loaded: 0)
Unloading 14 unused Assets / (22.0 KB). Loaded Objects now: 3421.
Memory consumption went from 98.6 MB to 98.6 MB.
Total: 1.963541 ms (FindLiveObjects: 0.104917 ms CreateObjectMapping: 0.036500 ms MarkObjects: 1.807083 ms  DeleteObjects: 0.014500 ms)

AssetImportParameters requested are different than current active one (requested -> active):
  custom:video-decoder-ogg-theora: a1e56fd34408186e4bbccfd4996cb3dc -> 
  custom:container-muxer-webm: aa71ff27fc2769a1b78a27578f13a17b -> 
  custom:container-demuxer-webm: 4f35f7cbe854078d1ac9338744f61a02 -> 
  custom:video-encoder-webm-vp8: eb34c28f22e8b96e1ab97ce403110664 -> 
  custom:framework-osx-AVFoundation: e770b220cccbd017edd2c1fefb359320 -> 
  custom:audio-encoder-webm-vorbis: bf7c407c2cedff20999df2af8eb42d56 -> 
  custom:container-demuxer-ogg: 62fdf1f143b41e24485cea50d1cbac27 -> 
  custom:video-decoder-webm-vp8: 9c59270c3fd7afecdb556c50c9e8de78 -> 
  custom:audio-decoder-ogg-vorbis: bf7c407c2cedff20999df2af8eb42d56 -> 
========================================================================
Received Prepare
Registering precompiled user dll's ...
Registered in 0.001456 seconds.
Begin MonoManager ReloadAssembly
Thread 0x16d43f000 may have been prematurely finalized
Symbol file LoadedFromMemory doesn't match image /Users/Shy/Documents/RandomEvents/Library/PackageCache/com.unity.visualscripting@1.8.0/Editor/VisualScripting.Core/Dependencies/YamlDotNet/Unity.VisualScripting.YamlDotNet.dll
Symbol file LoadedFromMemory doesn't match image /Users/Shy/Documents/RandomEvents/Library/PackageCache/com.unity.visualscripting@1.8.0/Editor/VisualScripting.Core/Dependencies/DotNetZip/Unity.VisualScripting.IonicZip.dll
Native extension for OSXStandalone target not found
Refreshing native plugins compatible for Editor in 0.33 ms, found 2 plugins.
Preloading 0 native plugins for Editor in 0.00 ms.
Mono: successfully reloaded assembly
- Completed reload, in  0.497 seconds
Domain Reload Profiling:
	ReloadAssembly (498ms)
		BeginReloadAssembly (75ms)
			ExecutionOrderSort (0ms)
			DisableScriptedObjects (3ms)
			BackupInstance (0ms)
			ReleaseScriptingObjects (0ms)
			CreateAndSetChildDomain (24ms)
		EndReloadAssembly (371ms)
			LoadAssemblies (34ms)
			RebuildTransferFunctionScriptingTraits (0ms)
			SetupTypeCache (126ms)
			ReleaseScriptCaches (1ms)
			RebuildScriptCaches (26ms)
			SetupLoadedEditorAssemblies (163ms)
				LogAssemblyErrors (0ms)
				InitializePlatformSupportModulesInManaged (2ms)
				SetLoadedEditorAssemblies (0ms)
				RefreshPlugins (0ms)
				BeforeProcessingInitializeOnLoad (29ms)
				ProcessInitializeOnLoadAttributes (118ms)
				ProcessInitializeOnLoadMethodAttributes (12ms)
				AfterProcessingInitializeOnLoad (1ms)
				EditorAssembliesLoaded (0ms)
			ExecutionOrderSort2 (0ms)
			AwakeInstancesAfterBackupRestoration (2ms)
Platform modules already initialized, skipping
Refreshing native plugins compatible for Editor in 0.75 ms, found 2 plugins.
Preloading 0 native plugins for Editor in 0.00 ms.
Unloading 2912 Unused Serialized files (Serialized files now loaded: 0)
Unloading 14 unused Assets / (21.9 KB). Loaded Objects now: 3424.
Memory consumption went from 98.6 MB to 98.6 MB.
Total: 2.106208 ms (FindLiveObjects: 0.098833 ms CreateObjectMapping: 0.034625 ms MarkObjects: 1.952792 ms  DeleteObjects: 0.019375 ms)

AssetImportParameters requested are different than current active one (requested -> active):
  custom:video-decoder-ogg-theora: a1e56fd34408186e4bbccfd4996cb3dc -> 
  custom:container-muxer-webm: aa71ff27fc2769a1b78a27578f13a17b -> 
  custom:container-demuxer-webm: 4f35f7cbe854078d1ac9338744f61a02 -> 
  custom:video-encoder-webm-vp8: eb34c28f22e8b96e1ab97ce403110664 -> 
  custom:framework-osx-AVFoundation: e770b220cccbd017edd2c1fefb359320 -> 
  custom:audio-encoder-webm-vorbis: bf7c407c2cedff20999df2af8eb42d56 -> 
  custom:container-demuxer-ogg: 62fdf1f143b41e24485cea50d1cbac27 -> 
  custom:video-decoder-webm-vp8: 9c59270c3fd7afecdb556c50c9e8de78 -> 
  custom:audio-decoder-ogg-vorbis: bf7c407c2cedff20999df2af8eb42d56 -> 
========================================================================
Received Prepare
Registering precompiled user dll's ...
Registered in 0.001186 seconds.
Begin MonoManager ReloadAssembly
Thread 0x16d43f000 may have been prematurely finalized
Symbol file LoadedFromMemory doesn't match image /Users/Shy/Documents/RandomEvents/Library/PackageCache/com.unity.visualscripting@1.8.0/Editor/VisualScripting.Core/Dependencies/YamlDotNet/Unity.VisualScripting.YamlDotNet.dll
Symbol file LoadedFromMemory doesn't match image /Users/Shy/Documents/RandomEvents/Library/PackageCache/com.unity.visualscripting@1.8.0/Editor/VisualScripting.Core/Dependencies/DotNetZip/Unity.VisualScripting.IonicZip.dll
Native extension for OSXStandalone target not found
Refreshing native plugins compatible for Editor in 0.32 ms, found 2 plugins.
Preloading 0 native plugins for Editor in 0.00 ms.
Mono: successfully reloaded assembly
- Completed reload, in  0.487 seconds
Domain Reload Profiling:
	ReloadAssembly (487ms)
		BeginReloadAssembly (74ms)
			ExecutionOrderSort (0ms)
			DisableScriptedObjects (3ms)
			BackupInstance (0ms)
			ReleaseScriptingObjects (0ms)
			CreateAndSetChildDomain (23ms)
		EndReloadAssembly (361ms)
			LoadAssemblies (35ms)
			RebuildTransferFunctionScriptingTraits (0ms)
			SetupTypeCache (126ms)
			ReleaseScriptCaches (1ms)
			RebuildScriptCaches (25ms)
			SetupLoadedEditorAssemblies (155ms)
				LogAssemblyErrors (0ms)
				InitializePlatformSupportModulesInManaged (2ms)
				SetLoadedEditorAssemblies (0ms)
				RefreshPlugins (0ms)
				BeforeProcessingInitializeOnLoad (29ms)
				ProcessInitializeOnLoadAttributes (111ms)
				ProcessInitializeOnLoadMethodAttributes (11ms)
				AfterProcessingInitializeOnLoad (1ms)
				EditorAssembliesLoaded (0ms)
			ExecutionOrderSort2 (0ms)
			AwakeInstancesAfterBackupRestoration (2ms)
Platform modules already initialized, skipping
Refreshing native plugins compatible for Editor in 0.61 ms, found 2 plugins.
Preloading 0 native plugins for Editor in 0.00 ms.
Unloading 2912 Unused Serialized files (Serialized files now loaded: 0)
Unloading 14 unused Assets / (22.0 KB). Loaded Objects now: 3427.
Memory consumption went from 98.6 MB to 98.6 MB.
Total: 1.823291 ms (FindLiveObjects: 0.092125 ms CreateObjectMapping: 0.032125 ms MarkObjects: 1.684583 ms  DeleteObjects: 0.014041 ms)

AssetImportParameters requested are different than current active one (requested -> active):
  custom:video-decoder-ogg-theora: a1e56fd34408186e4bbccfd4996cb3dc -> 
  custom:container-muxer-webm: aa71ff27fc2769a1b78a27578f13a17b -> 
  custom:container-demuxer-webm: 4f35f7cbe854078d1ac9338744f61a02 -> 
  custom:video-encoder-webm-vp8: eb34c28f22e8b96e1ab97ce403110664 -> 
  custom:framework-osx-AVFoundation: e770b220cccbd017edd2c1fefb359320 -> 
  custom:audio-encoder-webm-vorbis: bf7c407c2cedff20999df2af8eb42d56 -> 
  custom:container-demuxer-ogg: 62fdf1f143b41e24485cea50d1cbac27 -> 
  custom:video-decoder-webm-vp8: 9c59270c3fd7afecdb556c50c9e8de78 -> 
  custom:audio-decoder-ogg-vorbis: bf7c407c2cedff20999df2af8eb42d56 -> 
========================================================================
Received Prepare
Registering precompiled user dll's ...
Registered in 0.001164 seconds.
Begin MonoManager ReloadAssembly
Thread 0x16d43f000 may have been prematurely finalized
Symbol file LoadedFromMemory doesn't match image /Users/Shy/Documents/RandomEvents/Library/PackageCache/com.unity.visualscripting@1.8.0/Editor/VisualScripting.Core/Dependencies/YamlDotNet/Unity.VisualScripting.YamlDotNet.dll
Symbol file LoadedFromMemory doesn't match image /Users/Shy/Documents/RandomEvents/Library/PackageCache/com.unity.visualscripting@1.8.0/Editor/VisualScripting.Core/Dependencies/DotNetZip/Unity.VisualScripting.IonicZip.dll
Native extension for OSXStandalone target not found
Refreshing native plugins compatible for Editor in 0.35 ms, found 2 plugins.
Preloading 0 native plugins for Editor in 0.00 ms.
Mono: successfully reloaded assembly
- Completed reload, in  0.492 seconds
Domain Reload Profiling:
	ReloadAssembly (493ms)
		BeginReloadAssembly (72ms)
			ExecutionOrderSort (0ms)
			DisableScriptedObjects (3ms)
			BackupInstance (0ms)
			ReleaseScriptingObjects (0ms)
			CreateAndSetChildDomain (22ms)
		EndReloadAssembly (369ms)
			LoadAssemblies (35ms)
			RebuildTransferFunctionScriptingTraits (0ms)
			SetupTypeCache (127ms)
			ReleaseScriptCaches (1ms)
			RebuildScriptCaches (25ms)
			SetupLoadedEditorAssemblies (161ms)
				LogAssemblyErrors (0ms)
				InitializePlatformSupportModulesInManaged (2ms)
				SetLoadedEditorAssemblies (0ms)
				RefreshPlugins (0ms)
				BeforeProcessingInitializeOnLoad (29ms)
				ProcessInitializeOnLoadAttributes (116ms)
				ProcessInitializeOnLoadMethodAttributes (12ms)
				AfterProcessingInitializeOnLoad (1ms)
				EditorAssembliesLoaded (0ms)
			ExecutionOrderSort2 (0ms)
			AwakeInstancesAfterBackupRestoration (2ms)
Platform modules already initialized, skipping
Refreshing native plugins compatible for Editor in 0.71 ms, found 2 plugins.
Preloading 0 native plugins for Editor in 0.00 ms.
Unloading 2912 Unused Serialized files (Serialized files now loaded: 0)
Unloading 14 unused Assets / (22.1 KB). Loaded Objects now: 3430.
Memory consumption went from 98.6 MB to 98.6 MB.
Total: 1.909959 ms (FindLiveObjects: 0.099375 ms CreateObjectMapping: 0.037042 ms MarkObjects: 1.759416 ms  DeleteObjects: 0.013709 ms)

AssetImportParameters requested are different than current active one (requested -> active):
  custom:video-decoder-ogg-theora: a1e56fd34408186e4bbccfd4996cb3dc -> 
  custom:container-muxer-webm: aa71ff27fc2769a1b78a27578f13a17b -> 
  custom:container-demuxer-webm: 4f35f7cbe854078d1ac9338744f61a02 -> 
  custom:video-encoder-webm-vp8: eb34c28f22e8b96e1ab97ce403110664 -> 
  custom:framework-osx-AVFoundation: e770b220cccbd017edd2c1fefb359320 -> 
  custom:audio-encoder-webm-vorbis: bf7c407c2cedff20999df2af8eb42d56 -> 
  custom:container-demuxer-ogg: 62fdf1f143b41e24485cea50d1cbac27 -> 
  custom:video-decoder-webm-vp8: 9c59270c3fd7afecdb556c50c9e8de78 -> 
  custom:audio-decoder-ogg-vorbis: bf7c407c2cedff20999df2af8eb42d56 -> 
========================================================================
Received Import Request.
  Time since last request: 1887.163974 seconds.
  path: Assets/TextMesh Pro/Resources/Fonts & Materials/LiberationSans SDF - Drop Shadow.mat
  artifactKey: Guid(e73a58f6e2794ae7b1b7e50b7fb811b0) Importer(815301076,1909f56bfc062723c751e8b465ee728b)
Start importing Assets/TextMesh Pro/Resources/Fonts & Materials/LiberationSans SDF - Drop Shadow.mat using Guid(e73a58f6e2794ae7b1b7e50b7fb811b0) Importer(815301076,1909f56bfc062723c751e8b465ee728b)  -> (artifact id: '451f30465a2326a120f9f6e07e31524d') in 0.998504 seconds 
========================================================================
Received Import Request.
  Time since last request: 0.000030 seconds.
  path: Assets/Materials/ADG_Textures/walls_vol1/wall03/wall03b.mat
  artifactKey: Guid(ebd6a75b223a0964489f78e97159aa88) Importer(815301076,1909f56bfc062723c751e8b465ee728b)
Start importing Assets/Materials/ADG_Textures/walls_vol1/wall03/wall03b.mat using Guid(ebd6a75b223a0964489f78e97159aa88) Importer(815301076,1909f56bfc062723c751e8b465ee728b)  -> (artifact id: '56b0d9852eb094940747ac631f8a591d') in 0.054577 seconds 
========================================================================
Received Import Request.
  Time since last request: 0.000070 seconds.
  path: Assets/Materials/ADG_Textures/walls_vol1/wall05/wall05.mat
  artifactKey: Guid(baf8ceb37ffecbd42a924d001e01127c) Importer(815301076,1909f56bfc062723c751e8b465ee728b)
Start importing Assets/Materials/ADG_Textures/walls_vol1/wall05/wall05.mat using Guid(baf8ceb37ffecbd42a924d001e01127c) Importer(815301076,1909f56bfc062723c751e8b465ee728b)  -> (artifact id: '2468abd8bce95484344c4a67e191c241') in 0.029863 seconds 
========================================================================
Received Import Request.
  Time since last request: 0.000033 seconds.
  path: Assets/Materials/ADG_Textures/walls_vol1/wall08/wall08.mat
  artifactKey: Guid(48957feba398b3146bb5b1493df5403e) Importer(815301076,1909f56bfc062723c751e8b465ee728b)
Start importing Assets/Materials/ADG_Textures/walls_vol1/wall08/wall08.mat using Guid(48957feba398b3146bb5b1493df5403e) Importer(815301076,1909f56bfc062723c751e8b465ee728b)  -> (artifact id: 'd0c1e47044a7b23a0f080f7db514d7cd') in 0.007689 seconds 
========================================================================
Received Import Request.
  Time since last request: 0.000036 seconds.
  path: Assets/Materials/ADG_Textures/walls_vol1/wall07/wall07.mat
  artifactKey: Guid(b2aa31d8fe3745747a4b0fd95bfaf2c4) Importer(815301076,1909f56bfc062723c751e8b465ee728b)
Start importing Assets/Materials/ADG_Textures/walls_vol1/wall07/wall07.mat using Guid(b2aa31d8fe3745747a4b0fd95bfaf2c4) Importer(815301076,1909f56bfc062723c751e8b465ee728b)  -> (artifact id: '685d97afa6e0c3c2822488d54e858ccb') in 0.008017 seconds 
========================================================================
Received Import Request.
  Time since last request: 0.000053 seconds.
  path: Assets/Materials/ADG_Textures/walls_vol1/wall17/wall17b.mat
  artifactKey: Guid(ffc42774be58d5a4dbaee5ba99bec642) Importer(815301076,1909f56bfc062723c751e8b465ee728b)
Start importing Assets/Materials/ADG_Textures/walls_vol1/wall17/wall17b.mat using Guid(ffc42774be58d5a4dbaee5ba99bec642) Importer(815301076,1909f56bfc062723c751e8b465ee728b)  -> (artifact id: 'dddca118692a8a62f57e7725960f3125') in 0.013912 seconds 
========================================================================
Received Import Request.
  Time since last request: 0.000031 seconds.
  path: Assets/Materials/ADG_Textures/walls_vol1/wall13/wall13.mat
  artifactKey: Guid(d40e29484caa88c4891e1e09bf80ad8c) Importer(815301076,1909f56bfc062723c751e8b465ee728b)
Start importing Assets/Materials/ADG_Textures/walls_vol1/wall13/wall13.mat using Guid(d40e29484caa88c4891e1e09bf80ad8c) Importer(815301076,1909f56bfc062723c751e8b465ee728b)  -> (artifact id: 'd58ec379a5b2317b83d90ad86672a621') in 0.011445 seconds 
========================================================================
Received Import Request.
  Time since last request: 0.000043 seconds.
  path: Assets/Materials/ADG_Textures/walls_vol1/wall10/wall10.mat
  artifactKey: Guid(ce2bc60dd9a7e964daaaff36d79fbfdf) Importer(815301076,1909f56bfc062723c751e8b465ee728b)
Start importing Assets/Materials/ADG_Textures/walls_vol1/wall10/wall10.mat using Guid(ce2bc60dd9a7e964daaaff36d79fbfdf) Importer(815301076,1909f56bfc062723c751e8b465ee728b)  -> (artifact id: '41f26e8791a6238f7e809a258f980510') in 0.007703 seconds 
========================================================================
Received Import Request.
  Time since last request: 0.000037 seconds.
  path: Assets/Materials/ADG_Textures/walls_vol1/wall10/wall10b.mat
  artifactKey: Guid(8f3025aad64a437429f723e6fc4f95da) Importer(815301076,1909f56bfc062723c751e8b465ee728b)
Start importing Assets/Materials/ADG_Textures/walls_vol1/wall10/wall10b.mat using Guid(8f3025aad64a437429f723e6fc4f95da) Importer(815301076,1909f56bfc062723c751e8b465ee728b)  -> (artifact id: 'a1db16f4691df299595da3a70f9fd66a') in 0.006856 seconds 
========================================================================
Received Import Request.
  Time since last request: 0.000049 seconds.
  path: Assets/Materials/ADG_Textures/walls_vol1/wall14/wall14b.mat
  artifactKey: Guid(fb1e5269d9736634e8a69a31ce68d33a) Importer(815301076,1909f56bfc062723c751e8b465ee728b)
Start importing Assets/Materials/ADG_Textures/walls_vol1/wall14/wall14b.mat using Guid(fb1e5269d9736634e8a69a31ce68d33a) Importer(815301076,1909f56bfc062723c751e8b465ee728b)  -> (artifact id: 'f0d2bfa2358a075f913d60ac3f69e2ac') in 0.015844 seconds 
========================================================================
Received Import Request.
  Time since last request: 0.000036 seconds.
  path: Assets/Materials/ADG_Textures/walls_vol1/wall13/wall13b.mat
  artifactKey: Guid(eff8590084661c94cb5fc27484f7630f) Importer(815301076,1909f56bfc062723c751e8b465ee728b)
Start importing Assets/Materials/ADG_Textures/walls_vol1/wall13/wall13b.mat using Guid(eff8590084661c94cb5fc27484f7630f) Importer(815301076,1909f56bfc062723c751e8b465ee728b)  -> (artifact id: 'e9232f9b12c56bfe8dfc47c065eff956') in 0.011096 seconds 
========================================================================
Received Import Request.
  Time since last request: 0.000042 seconds.
  path: Assets/Materials/ADG_Textures/walls_vol1/wall16/wall16b.mat
  artifactKey: Guid(eee383f5d326d114ba8c84092c6642f8) Importer(815301076,1909f56bfc062723c751e8b465ee728b)
Start importing Assets/Materials/ADG_Textures/walls_vol1/wall16/wall16b.mat using Guid(eee383f5d326d114ba8c84092c6642f8) Importer(815301076,1909f56bfc062723c751e8b465ee728b)  -> (artifact id: '88fdd2d4ad865e2db2bf65cfb514ae79') in 0.012666 seconds 
========================================================================
Received Import Request.
  Time since last request: 0.000032 seconds.
  path: Assets/Materials/ADG_Textures/walls_vol1/wall11/wall11.mat
  artifactKey: Guid(ad85a24c76e86cc45bd1040a4d583d90) Importer(815301076,1909f56bfc062723c751e8b465ee728b)
Start importing Assets/Materials/ADG_Textures/walls_vol1/wall11/wall11.mat using Guid(ad85a24c76e86cc45bd1040a4d583d90) Importer(815301076,1909f56bfc062723c751e8b465ee728b)  -> (artifact id: '381a1c197e1af2605dd905d0f8a36c67') in 0.007836 seconds 
========================================================================
Received Import Request.
  Time since last request: 0.000057 seconds.
  path: Assets/Materials/ADG_Textures/walls_vol1/wall01/wall01.mat
  artifactKey: Guid(96dae2f09f54868408f904428548d00f) Importer(815301076,1909f56bfc062723c751e8b465ee728b)
Start importing Assets/Materials/ADG_Textures/walls_vol1/wall01/wall01.mat using Guid(96dae2f09f54868408f904428548d00f) Importer(815301076,1909f56bfc062723c751e8b465ee728b)  -> (artifact id: '3b8165659a9bc2168d972266a27175cd') in 0.009766 seconds 
========================================================================
Received Import Request.
  Time since last request: 0.000041 seconds.
  path: Assets/Materials/ADG_Textures/walls_vol1/wall09/wall09.mat
  artifactKey: Guid(1e23b2d236a58f040968acd05c361bce) Importer(815301076,1909f56bfc062723c751e8b465ee728b)
Start importing Assets/Materials/ADG_Textures/walls_vol1/wall09/wall09.mat using Guid(1e23b2d236a58f040968acd05c361bce) Importer(815301076,1909f56bfc062723c751e8b465ee728b)  -> (artifact id: 'f0986e4a5a69e89e41d524eb9de4dbd9') in 0.007786 seconds 
========================================================================
Received Import Request.
  Time since last request: 0.000034 seconds.
  path: Assets/Materials/ADG_Textures/walls_vol1/wall18/wall18b.mat
  artifactKey: Guid(89665d51fb7112a4fb72e949a593635f) Importer(815301076,1909f56bfc062723c751e8b465ee728b)
Start importing Assets/Materials/ADG_Textures/walls_vol1/wall18/wall18b.mat using Guid(89665d51fb7112a4fb72e949a593635f) Importer(815301076,1909f56bfc062723c751e8b465ee728b)  -> (artifact id: '095257ba10432784f2bb59253466d139') in 0.011732 seconds 
========================================================================
Received Import Request.
  Time since last request: 0.000043 seconds.
  path: Assets/Materials/ADG_Textures/walls_vol1/wall15/wall15b.mat
  artifactKey: Guid(b64f712a7e888764cbee13b7c9f68cf3) Importer(815301076,1909f56bfc062723c751e8b465ee728b)
Start importing Assets/Materials/ADG_Textures/walls_vol1/wall15/wall15b.mat using Guid(b64f712a7e888764cbee13b7c9f68cf3) Importer(815301076,1909f56bfc062723c751e8b465ee728b)  -> (artifact id: '76d00497b4bc967ee1f00b38f0d8679e') in 0.015173 seconds 
========================================================================
Received Import Request.
  Time since last request: 0.000035 seconds.
  path: Assets/TextMesh Pro/Resources/Fonts & Materials/LiberationSans SDF - Fallback.asset
  artifactKey: Guid(2e498d1c8094910479dc3e1b768306a4) Importer(815301076,1909f56bfc062723c751e8b465ee728b)
Start importing Assets/TextMesh Pro/Resources/Fonts & Materials/LiberationSans SDF - Fallback.asset using Guid(2e498d1c8094910479dc3e1b768306a4) Importer(815301076,1909f56bfc062723c751e8b465ee728b)  -> (artifact id: 'e92959a1734da9727477e5a3ab10230b') in 0.082031 seconds 
========================================================================
Received Import Request.
  Time since last request: 0.000038 seconds.
  path: Assets/Materials/ADG_Textures/walls_vol1/wall01/wall01b.mat
  artifactKey: Guid(037c10e8a9c9c5e47a726216732d17d8) Importer(815301076,1909f56bfc062723c751e8b465ee728b)
Start importing Assets/Materials/ADG_Textures/walls_vol1/wall01/wall01b.mat using Guid(037c10e8a9c9c5e47a726216732d17d8) Importer(815301076,1909f56bfc062723c751e8b465ee728b)  -> (artifact id: 'dfc339103433a7f4fb85e16ada6aa513') in 0.008546 seconds 
========================================================================
Received Import Request.
  Time since last request: 0.000067 seconds.
  path: Assets/Materials/ADG_Textures/walls_vol1/wall06/wall06b.mat
  artifactKey: Guid(6077e4f498f74ac48ad21c2bead7fd35) Importer(815301076,1909f56bfc062723c751e8b465ee728b)
Start importing Assets/Materials/ADG_Textures/walls_vol1/wall06/wall06b.mat using Guid(6077e4f498f74ac48ad21c2bead7fd35) Importer(815301076,1909f56bfc062723c751e8b465ee728b)  -> (artifact id: '2a8a3ae73fc023682b0e9ebf8ef25d3e') in 0.009452 seconds 
========================================================================
Received Import Request.
  Time since last request: 0.000035 seconds.
  path: Assets/Materials/ADG_Textures/walls_vol1/wall09/wall09b.mat
  artifactKey: Guid(59cf63250acfc334288c35253c616d40) Importer(815301076,1909f56bfc062723c751e8b465ee728b)
Start importing Assets/Materials/ADG_Textures/walls_vol1/wall09/wall09b.mat using Guid(59cf63250acfc334288c35253c616d40) Importer(815301076,1909f56bfc062723c751e8b465ee728b)  -> (artifact id: 'eabcd5b22fcb372c303928261abdfb73') in 0.007714 seconds 
========================================================================
Received Import Request.
  Time since last request: 0.000040 seconds.
  path: Assets/Materials/ADG_Textures/walls_vol1/wall06/wall06.mat
  artifactKey: Guid(ab68e0201be44534493089b3dd1e4050) Importer(815301076,1909f56bfc062723c751e8b465ee728b)
Start importing Assets/Materials/ADG_Textures/walls_vol1/wall06/wall06.mat using Guid(ab68e0201be44534493089b3dd1e4050) Importer(815301076,1909f56bfc062723c751e8b465ee728b)  -> (artifact id: '3d5122cf056378ed48a15f62b4bc9c47') in 0.006122 seconds 
========================================================================
Received Import Request.
  Time since last request: 0.000043 seconds.
  path: Assets/Materials/ADG_Textures/walls_vol1/wall12/wall12.mat
  artifactKey: Guid(19384859089e5ee4f99e102652ee3484) Importer(815301076,1909f56bfc062723c751e8b465ee728b)
Start importing Assets/Materials/ADG_Textures/walls_vol1/wall12/wall12.mat using Guid(19384859089e5ee4f99e102652ee3484) Importer(815301076,1909f56bfc062723c751e8b465ee728b)  -> (artifact id: '1379499ae29cee6bf27515b289de7f47') in 0.011243 seconds 
========================================================================
Received Import Request.
  Time since last request: 0.000033 seconds.
  path: Assets/Materials/ADG_Textures/walls_vol1/wall12/wall12b.mat
  artifactKey: Guid(40d59d21d94966945a48585c0be381b3) Importer(815301076,1909f56bfc062723c751e8b465ee728b)
Start importing Assets/Materials/ADG_Textures/walls_vol1/wall12/wall12b.mat using Guid(40d59d21d94966945a48585c0be381b3) Importer(815301076,1909f56bfc062723c751e8b465ee728b)  -> (artifact id: '33cae843def58a2ad0553a046201f827') in 0.010263 seconds 
========================================================================
Received Import Request.
  Time since last request: 0.000040 seconds.
  path: Assets/Materials/ADG_Textures/walls_vol1/wall07/wall07b.mat
  artifactKey: Guid(d3b1829a6d5883c40bc3bbce8b2ba6ed) Importer(815301076,1909f56bfc062723c751e8b465ee728b)
Start importing Assets/Materials/ADG_Textures/walls_vol1/wall07/wall07b.mat using Guid(d3b1829a6d5883c40bc3bbce8b2ba6ed) Importer(815301076,1909f56bfc062723c751e8b465ee728b)  -> (artifact id: '03eaaf44b4f2a60954d35a7fa54b76d0') in 0.008225 seconds 
========================================================================
Received Import Request.
  Time since last request: 0.000035 seconds.
  path: Assets/Materials/ADG_Textures/walls_vol1/wall14/wall14.mat
  artifactKey: Guid(ffca86f74f18233469ebfedb1b9fc434) Importer(815301076,1909f56bfc062723c751e8b465ee728b)
Start importing Assets/Materials/ADG_Textures/walls_vol1/wall14/wall14.mat using Guid(ffca86f74f18233469ebfedb1b9fc434) Importer(815301076,1909f56bfc062723c751e8b465ee728b)  -> (artifact id: '8a2fb6f3572aca10a9e75f17ab563ddc') in 0.008294 seconds 
========================================================================
Received Prepare
Registering precompiled user dll's ...
Registered in 0.001240 seconds.
Begin MonoManager ReloadAssembly
Thread 0x16d43f000 may have been prematurely finalized
Symbol file LoadedFromMemory doesn't match image /Users/Shy/Documents/RandomEvents/Library/PackageCache/com.unity.visualscripting@1.8.0/Editor/VisualScripting.Core/Dependencies/YamlDotNet/Unity.VisualScripting.YamlDotNet.dll
Symbol file LoadedFromMemory doesn't match image /Users/Shy/Documents/RandomEvents/Library/PackageCache/com.unity.visualscripting@1.8.0/Editor/VisualScripting.Core/Dependencies/DotNetZip/Unity.VisualScripting.IonicZip.dll
Native extension for OSXStandalone target not found
Refreshing native plugins compatible for Editor in 0.34 ms, found 2 plugins.
Preloading 0 native plugins for Editor in 0.00 ms.
Mono: successfully reloaded assembly
- Completed reload, in  0.518 seconds
Domain Reload Profiling:
	ReloadAssembly (519ms)
		BeginReloadAssembly (77ms)
			ExecutionOrderSort (0ms)
			DisableScriptedObjects (2ms)
			BackupInstance (0ms)
			ReleaseScriptingObjects (0ms)
			CreateAndSetChildDomain (26ms)
		EndReloadAssembly (389ms)
			LoadAssemblies (36ms)
			RebuildTransferFunctionScriptingTraits (0ms)
			SetupTypeCache (135ms)
			ReleaseScriptCaches (1ms)
			RebuildScriptCaches (29ms)
			SetupLoadedEditorAssemblies (164ms)
				LogAssemblyErrors (0ms)
				InitializePlatformSupportModulesInManaged (2ms)
				SetLoadedEditorAssemblies (0ms)
				RefreshPlugins (0ms)
				BeforeProcessingInitializeOnLoad (31ms)
				ProcessInitializeOnLoadAttributes (117ms)
				ProcessInitializeOnLoadMethodAttributes (11ms)
				AfterProcessingInitializeOnLoad (1ms)
				EditorAssembliesLoaded (0ms)
			ExecutionOrderSort2 (0ms)
			AwakeInstancesAfterBackupRestoration (2ms)
Platform modules already initialized, skipping
Refreshing native plugins compatible for Editor in 0.76 ms, found 2 plugins.
Preloading 0 native plugins for Editor in 0.00 ms.
Unloading 2912 Unused Serialized files (Serialized files now loaded: 0)
Unloading 14 unused Assets / (22.0 KB). Loaded Objects now: 3477.
Memory consumption went from 109.4 MB to 109.4 MB.
Total: 2.040875 ms (FindLiveObjects: 0.126667 ms CreateObjectMapping: 0.035958 ms MarkObjects: 1.861125 ms  DeleteObjects: 0.016375 ms)

AssetImportParameters requested are different than current active one (requested -> active):
  custom:video-decoder-ogg-theora: a1e56fd34408186e4bbccfd4996cb3dc -> 
  custom:container-muxer-webm: aa71ff27fc2769a1b78a27578f13a17b -> 
  custom:container-demuxer-webm: 4f35f7cbe854078d1ac9338744f61a02 -> 
  custom:video-encoder-webm-vp8: eb34c28f22e8b96e1ab97ce403110664 -> 
  custom:framework-osx-AVFoundation: e770b220cccbd017edd2c1fefb359320 -> 
  custom:audio-encoder-webm-vorbis: bf7c407c2cedff20999df2af8eb42d56 -> 
  custom:container-demuxer-ogg: 62fdf1f143b41e24485cea50d1cbac27 -> 
  custom:video-decoder-webm-vp8: 9c59270c3fd7afecdb556c50c9e8de78 -> 
  custom:audio-decoder-ogg-vorbis: bf7c407c2cedff20999df2af8eb42d56 -> 
========================================================================
Received Prepare
Registering precompiled user dll's ...
Registered in 0.001184 seconds.
Begin MonoManager ReloadAssembly
Thread 0x16d43f000 may have been prematurely finalized
Symbol file LoadedFromMemory doesn't match image /Users/Shy/Documents/RandomEvents/Library/PackageCache/com.unity.visualscripting@1.8.0/Editor/VisualScripting.Core/Dependencies/YamlDotNet/Unity.VisualScripting.YamlDotNet.dll
Symbol file LoadedFromMemory doesn't match image /Users/Shy/Documents/RandomEvents/Library/PackageCache/com.unity.visualscripting@1.8.0/Editor/VisualScripting.Core/Dependencies/DotNetZip/Unity.VisualScripting.IonicZip.dll
Native extension for OSXStandalone target not found
Refreshing native plugins compatible for Editor in 0.35 ms, found 2 plugins.
Preloading 0 native plugins for Editor in 0.00 ms.
Mono: successfully reloaded assembly
- Completed reload, in  0.517 seconds
Domain Reload Profiling:
	ReloadAssembly (518ms)
		BeginReloadAssembly (78ms)
			ExecutionOrderSort (0ms)
			DisableScriptedObjects (3ms)
			BackupInstance (0ms)
			ReleaseScriptingObjects (0ms)
			CreateAndSetChildDomain (25ms)
		EndReloadAssembly (387ms)
			LoadAssemblies (37ms)
			RebuildTransferFunctionScriptingTraits (0ms)
			SetupTypeCache (136ms)
			ReleaseScriptCaches (1ms)
			RebuildScriptCaches (28ms)
			SetupLoadedEditorAssemblies (164ms)
				LogAssemblyErrors (0ms)
				InitializePlatformSupportModulesInManaged (2ms)
				SetLoadedEditorAssemblies (0ms)
				RefreshPlugins (0ms)
				BeforeProcessingInitializeOnLoad (31ms)
				ProcessInitializeOnLoadAttributes (117ms)
				ProcessInitializeOnLoadMethodAttributes (12ms)
				AfterProcessingInitializeOnLoad (1ms)
				EditorAssembliesLoaded (0ms)
			ExecutionOrderSort2 (0ms)
			AwakeInstancesAfterBackupRestoration (2ms)
Platform modules already initialized, skipping
Refreshing native plugins compatible for Editor in 0.74 ms, found 2 plugins.
Preloading 0 native plugins for Editor in 0.00 ms.
Unloading 2912 Unused Serialized files (Serialized files now loaded: 0)
Unloading 14 unused Assets / (22.0 KB). Loaded Objects now: 3480.
Memory consumption went from 109.4 MB to 109.4 MB.
Total: 1.920042 ms (FindLiveObjects: 0.107834 ms CreateObjectMapping: 0.033458 ms MarkObjects: 1.762666 ms  DeleteObjects: 0.015500 ms)

AssetImportParameters requested are different than current active one (requested -> active):
  custom:video-decoder-ogg-theora: a1e56fd34408186e4bbccfd4996cb3dc -> 
  custom:container-muxer-webm: aa71ff27fc2769a1b78a27578f13a17b -> 
  custom:container-demuxer-webm: 4f35f7cbe854078d1ac9338744f61a02 -> 
  custom:video-encoder-webm-vp8: eb34c28f22e8b96e1ab97ce403110664 -> 
  custom:framework-osx-AVFoundation: e770b220cccbd017edd2c1fefb359320 -> 
  custom:audio-encoder-webm-vorbis: bf7c407c2cedff20999df2af8eb42d56 -> 
  custom:container-demuxer-ogg: 62fdf1f143b41e24485cea50d1cbac27 -> 
  custom:video-decoder-webm-vp8: 9c59270c3fd7afecdb556c50c9e8de78 -> 
  custom:audio-decoder-ogg-vorbis: bf7c407c2cedff20999df2af8eb42d56 -> 
========================================================================
Received Import Request.
  Time since last request: 1035.855081 seconds.
  path: Assets/Materials/Sky/AllSkyFree/_AllSkyFreeDemoEnvironment/AllSky_DemoEnvironment.fbx
  artifactKey: Guid(3ca2c2ce56b9e44f598f5de419ce4e8a) Importer(815301076,1909f56bfc062723c751e8b465ee728b)
Start importing Assets/Materials/Sky/AllSkyFree/_AllSkyFreeDemoEnvironment/AllSky_DemoEnvironment.fbx using Guid(3ca2c2ce56b9e44f598f5de419ce4e8a) Importer(815301076,1909f56bfc062723c751e8b465ee728b)  -> (artifact id: '6f024e0cfbff6b66838873eff28d51f6') in 0.151076 seconds 
========================================================================
Received Import Request.
  Time since last request: 0.000077 seconds.
  path: Assets/Materials/Sky/AllSkyFree/_AllSkyFreeDemoEnvironment/AllSky_DemoEnvironment_Light.fbx
  artifactKey: Guid(d9ad0f74d68824711bc800186cf63d22) Importer(815301076,1909f56bfc062723c751e8b465ee728b)
Start importing Assets/Materials/Sky/AllSkyFree/_AllSkyFreeDemoEnvironment/AllSky_DemoEnvironment_Light.fbx using Guid(d9ad0f74d68824711bc800186cf63d22) Importer(815301076,1909f56bfc062723c751e8b465ee728b)  -> (artifact id: 'a0dc5d9eb02d00c8a454eb21b520aeb0') in 0.014801 seconds 
========================================================================
Received Import Request.
  Time since last request: 0.000067 seconds.
  path: Assets/Materials/Sky/AllSkyFree/_AllSkyFreeDemoEnvironment/SunGlow.prefab
  artifactKey: Guid(77c6a14c272c145258604a1a07246e46) Importer(815301076,1909f56bfc062723c751e8b465ee728b)
Start importing Assets/Materials/Sky/AllSkyFree/_AllSkyFreeDemoEnvironment/SunGlow.prefab using Guid(77c6a14c272c145258604a1a07246e46) Importer(815301076,1909f56bfc062723c751e8b465ee728b)  -> (artifact id: '5fa4af9cf34b4dba3965bc42de978868') in 0.023667 seconds 
========================================================================
Received Import Request.
  Time since last request: 0.000045 seconds.
  path: Assets/Materials/Sky/AllSkyFree/_AllSkyFreeDemoEnvironment/AllSkyFreeDemoEnvironment.prefab
  artifactKey: Guid(e2402d4ef4fe747ae9ad59bdccad4556) Importer(815301076,1909f56bfc062723c751e8b465ee728b)
Start importing Assets/Materials/Sky/AllSkyFree/_AllSkyFreeDemoEnvironment/AllSkyFreeDemoEnvironment.prefab using Guid(e2402d4ef4fe747ae9ad59bdccad4556) Importer(815301076,1909f56bfc062723c751e8b465ee728b)  -> (artifact id: '86100b4ff5425897f3dbe064ac30905d') in 0.444808 seconds 
========================================================================
Received Import Request.
  Time since last request: 6.097478 seconds.
  path: Assets/Materials/Sky/AllSkyFree/Cartoon Base BlueSky/Sky_Day_BlueSky_Nothing_Cam_0_Front+Z.png
  artifactKey: Guid(d731d71c2b8e94c18b5ef8be277e6773) Importer(815301076,1909f56bfc062723c751e8b465ee728b)
Start importing Assets/Materials/Sky/AllSkyFree/Cartoon Base BlueSky/Sky_Day_BlueSky_Nothing_Cam_0_Front+Z.png using Guid(d731d71c2b8e94c18b5ef8be277e6773) Importer(815301076,1909f56bfc062723c751e8b465ee728b)  -> (artifact id: '68cbc68df88ef0a4d84dbf203ce16540') in 0.347916 seconds 
========================================================================
Received Import Request.
  Time since last request: 0.000048 seconds.
  path: Assets/Materials/Sky/AllSkyFree/Cartoon Base BlueSky/Sky_Day_BlueSky_Nothing_Cam_5_Down-Y.png
  artifactKey: Guid(4c119b81b42684c39873d7738564bcdd) Importer(815301076,1909f56bfc062723c751e8b465ee728b)
Start importing Assets/Materials/Sky/AllSkyFree/Cartoon Base BlueSky/Sky_Day_BlueSky_Nothing_Cam_5_Down-Y.png using Guid(4c119b81b42684c39873d7738564bcdd) Importer(815301076,1909f56bfc062723c751e8b465ee728b)  -> (artifact id: '9b4e8c8928257bed5fde5916451d7fa0') in 0.005177 seconds 
========================================================================
Received Import Request.
  Time since last request: 0.000033 seconds.
  path: Assets/Materials/Sky/AllSkyFree/Cartoon Base BlueSky/Sky_Day_BlueSky_Nothing_Cam_3_Right-X.png
  artifactKey: Guid(d3b809c8b33ff46faa4245f0bca7e6fe) Importer(815301076,1909f56bfc062723c751e8b465ee728b)
Start importing Assets/Materials/Sky/AllSkyFree/Cartoon Base BlueSky/Sky_Day_BlueSky_Nothing_Cam_3_Right-X.png using Guid(d3b809c8b33ff46faa4245f0bca7e6fe) Importer(815301076,1909f56bfc062723c751e8b465ee728b)  -> (artifact id: 'e7ac3c1433ded499dbe322e46506f61d') in 0.006022 seconds 
========================================================================
Received Import Request.
  Time since last request: 0.000063 seconds.
  path: Assets/Materials/Sky/AllSkyFree/Cartoon Base BlueSky/Sky_Day_BlueSky_Nothing_Cam_2_Left+X.png
  artifactKey: Guid(6b8f010ba933d4f01bdedec2c1a8a025) Importer(815301076,1909f56bfc062723c751e8b465ee728b)
Start importing Assets/Materials/Sky/AllSkyFree/Cartoon Base BlueSky/Sky_Day_BlueSky_Nothing_Cam_2_Left+X.png using Guid(6b8f010ba933d4f01bdedec2c1a8a025) Importer(815301076,1909f56bfc062723c751e8b465ee728b)  -> (artifact id: '9a35b55140309aad9df56c4bfb4a70ba') in 0.004693 seconds 
========================================================================
Received Import Request.
  Time since last request: 0.112599 seconds.
  path: Assets/Materials/Sky/AllSkyFree/Cartoon Base NightSky/Cartoon Base NightSky_Cam_0_Front+Z.png
  artifactKey: Guid(5cd44424375bd4ad69191a50c41ec04d) Importer(815301076,1909f56bfc062723c751e8b465ee728b)
Start importing Assets/Materials/Sky/AllSkyFree/Cartoon Base NightSky/Cartoon Base NightSky_Cam_0_Front+Z.png using Guid(5cd44424375bd4ad69191a50c41ec04d) Importer(815301076,1909f56bfc062723c751e8b465ee728b)  -> (artifact id: 'd45dd7bd2515ce2857b300222b11830c') in 0.006318 seconds 
========================================================================
Received Import Request.
  Time since last request: 0.000052 seconds.
  path: Assets/Materials/Sky/AllSkyFree/Cartoon Base NightSky/Cartoon Base NightSky_Cam_4_Up+Y.png
  artifactKey: Guid(d8144633fec3342d9b7d9388377fb2a6) Importer(815301076,1909f56bfc062723c751e8b465ee728b)
Start importing Assets/Materials/Sky/AllSkyFree/Cartoon Base NightSky/Cartoon Base NightSky_Cam_4_Up+Y.png using Guid(d8144633fec3342d9b7d9388377fb2a6) Importer(815301076,1909f56bfc062723c751e8b465ee728b)  -> (artifact id: '81687690d090cf66b8a919a8fa75d04b') in 0.006362 seconds 
========================================================================
Received Import Request.
  Time since last request: 0.000062 seconds.
  path: Assets/Materials/Sky/AllSkyFree/Cartoon Base NightSky/Cartoon Base NightSky_Cam_3_Right-X.png
  artifactKey: Guid(69090bcf98b624e77a2f519630debe54) Importer(815301076,1909f56bfc062723c751e8b465ee728b)
Start importing Assets/Materials/Sky/AllSkyFree/Cartoon Base NightSky/Cartoon Base NightSky_Cam_3_Right-X.png using Guid(69090bcf98b624e77a2f519630debe54) Importer(815301076,1909f56bfc062723c751e8b465ee728b)  -> (artifact id: '88a127bd3c744c7f4591a80a450f0d1c') in 0.005021 seconds 
========================================================================
Received Import Request.
  Time since last request: 0.000039 seconds.
  path: Assets/Materials/Sky/AllSkyFree/Cartoon Base NightSky/Cartoon Base NightSky_Cam_2_Left+X.png
  artifactKey: Guid(30795c4c7d28549fc98ea24071c47626) Importer(815301076,1909f56bfc062723c751e8b465ee728b)
Start importing Assets/Materials/Sky/AllSkyFree/Cartoon Base NightSky/Cartoon Base NightSky_Cam_2_Left+X.png using Guid(30795c4c7d28549fc98ea24071c47626) Importer(815301076,1909f56bfc062723c751e8b465ee728b)  -> (artifact id: '09371c88dc11c04ca6d029ab19c13f50') in 0.005113 seconds 
========================================================================
Received Import Request.
  Time since last request: 0.000069 seconds.
  path: Assets/Materials/Sky/AllSkyFree/Cartoon Base NightSky/Cartoon Base NightSky_Cam_1_Back-Z.png
  artifactKey: Guid(baee46fd4fc8d4898864f4963bb39f34) Importer(815301076,1909f56bfc062723c751e8b465ee728b)
Start importing Assets/Materials/Sky/AllSkyFree/Cartoon Base NightSky/Cartoon Base NightSky_Cam_1_Back-Z.png using Guid(baee46fd4fc8d4898864f4963bb39f34) Importer(815301076,1909f56bfc062723c751e8b465ee728b)  -> (artifact id: 'd9d1a0f9da2f6af0771d28eba4ea0ffa') in 0.004997 seconds 
========================================================================
Received Import Request.
  Time since last request: 0.000037 seconds.
  path: Assets/Materials/Sky/AllSkyFree/Cartoon Base NightSky/Cartoon Base NightSky_Cam_5_Down-Y.png
  artifactKey: Guid(e23c4e30896d34af5beb066fcf2790c7) Importer(815301076,1909f56bfc062723c751e8b465ee728b)
Start importing Assets/Materials/Sky/AllSkyFree/Cartoon Base NightSky/Cartoon Base NightSky_Cam_5_Down-Y.png using Guid(e23c4e30896d34af5beb066fcf2790c7) Importer(815301076,1909f56bfc062723c751e8b465ee728b)  -> (artifact id: 'a18eacd4e2c96b45c8557a1a764c3a1b') in 0.005257 seconds 
========================================================================
Received Import Request.
  Time since last request: 1.112345 seconds.
  path: Assets/Materials/Sky/AllSkyFree/Cold Sunset/Cold Sunset__Cam_0_Front+Z.png
  artifactKey: Guid(6774108631deb4532b5f7df6e4f779a7) Importer(815301076,1909f56bfc062723c751e8b465ee728b)
Start importing Assets/Materials/Sky/AllSkyFree/Cold Sunset/Cold Sunset__Cam_0_Front+Z.png using Guid(6774108631deb4532b5f7df6e4f779a7) Importer(815301076,1909f56bfc062723c751e8b465ee728b)  -> (artifact id: '316c6632deee44ec41632ee81278a4a8') in 0.013529 seconds 
========================================================================
Received Import Request.
  Time since last request: 0.000043 seconds.
  path: Assets/Materials/Sky/AllSkyFree/Cold Sunset/Cold Sunset__Cam_2_Left+X.png
  artifactKey: Guid(ce026dfecbc694085a1d87a22f3bb49d) Importer(815301076,1909f56bfc062723c751e8b465ee728b)
Start importing Assets/Materials/Sky/AllSkyFree/Cold Sunset/Cold Sunset__Cam_2_Left+X.png using Guid(ce026dfecbc694085a1d87a22f3bb49d) Importer(815301076,1909f56bfc062723c751e8b465ee728b)  -> (artifact id: '6746dd71697243e6f4d1291a92df7716') in 0.006555 seconds 
========================================================================
Received Import Request.
  Time since last request: 0.000052 seconds.
  path: Assets/Materials/Sky/AllSkyFree/Cold Sunset/Cold Sunset__Cam_4_Up+Y.png
  artifactKey: Guid(c9658c52dbf374bf6aeeb26310f71145) Importer(815301076,1909f56bfc062723c751e8b465ee728b)
Start importing Assets/Materials/Sky/AllSkyFree/Cold Sunset/Cold Sunset__Cam_4_Up+Y.png using Guid(c9658c52dbf374bf6aeeb26310f71145) Importer(815301076,1909f56bfc062723c751e8b465ee728b)  -> (artifact id: 'a6ded77d312d63aa6f86a8c888dc4066') in 0.006658 seconds 
========================================================================
Received Import Request.
  Time since last request: 0.000049 seconds.
  path: Assets/Materials/Sky/AllSkyFree/Cold Sunset/Cold Sunset__Cam_1_Back-Z.png
  artifactKey: Guid(0c96697ef1fc74d8d90d3e2f7345366d) Importer(815301076,1909f56bfc062723c751e8b465ee728b)
Start importing Assets/Materials/Sky/AllSkyFree/Cold Sunset/Cold Sunset__Cam_1_Back-Z.png using Guid(0c96697ef1fc74d8d90d3e2f7345366d) Importer(815301076,1909f56bfc062723c751e8b465ee728b)  -> (artifact id: '2506d58b31bc73f716a488424f8d7ec9') in 0.005720 seconds 
========================================================================
Received Import Request.
  Time since last request: 0.509162 seconds.
  path: Assets/Materials/Sky/AllSkyFree/Cold Night/Cold Night__Cam_0_Front+Z.png
  artifactKey: Guid(aad96e1c2baf24d3499e2ea1426ab824) Importer(815301076,1909f56bfc062723c751e8b465ee728b)
Start importing Assets/Materials/Sky/AllSkyFree/Cold Night/Cold Night__Cam_0_Front+Z.png using Guid(aad96e1c2baf24d3499e2ea1426ab824) Importer(815301076,1909f56bfc062723c751e8b465ee728b)  -> (artifact id: 'd1ed0355000edbf056a72a58f418f1ff') in 0.010151 seconds 
========================================================================
Received Import Request.
  Time since last request: 0.000095 seconds.
  path: Assets/Materials/Sky/AllSkyFree/Cold Night/Cold Night__Cam_4_Up+Y.png
  artifactKey: Guid(3d6928c404a7c46c3991bb1b73521d66) Importer(815301076,1909f56bfc062723c751e8b465ee728b)
Start importing Assets/Materials/Sky/AllSkyFree/Cold Night/Cold Night__Cam_4_Up+Y.png using Guid(3d6928c404a7c46c3991bb1b73521d66) Importer(815301076,1909f56bfc062723c751e8b465ee728b)  -> (artifact id: '6baa49ef34e7b38c5d7ffe7ab21e17e7') in 0.005895 seconds 
========================================================================
Received Import Request.
  Time since last request: 0.000045 seconds.
  path: Assets/Materials/Sky/AllSkyFree/Cold Night/Cold Night__Cam_5_Down-Y.png
  artifactKey: Guid(8cab6aa3331da40e68754e2214ce08fa) Importer(815301076,1909f56bfc062723c751e8b465ee728b)
Start importing Assets/Materials/Sky/AllSkyFree/Cold Night/Cold Night__Cam_5_Down-Y.png using Guid(8cab6aa3331da40e68754e2214ce08fa) Importer(815301076,1909f56bfc062723c751e8b465ee728b)  -> (artifact id: 'a88fab9719e436c4e4ca97f7195b7f3d') in 0.005843 seconds 
========================================================================
Received Import Request.
  Time since last request: 0.000069 seconds.
  path: Assets/Materials/Sky/AllSkyFree/Cold Night/Cold Night__Cam_3_Right-X.png
  artifactKey: Guid(2b201733d2df84602b3020984df58790) Importer(815301076,1909f56bfc062723c751e8b465ee728b)
Start importing Assets/Materials/Sky/AllSkyFree/Cold Night/Cold Night__Cam_3_Right-X.png using Guid(2b201733d2df84602b3020984df58790) Importer(815301076,1909f56bfc062723c751e8b465ee728b)  -> (artifact id: '86c8ecd7af3f638ee9862560a21182bb') in 0.006460 seconds 
========================================================================
Received Import Request.
  Time since last request: 0.465454 seconds.
  path: Assets/Materials/Sky/AllSkyFree/Cold Night/Cold Night Equirect.png
  artifactKey: Guid(97259d0c0ea9f491692be825da27978a) Importer(815301076,1909f56bfc062723c751e8b465ee728b)
Start importing Assets/Materials/Sky/AllSkyFree/Cold Night/Cold Night Equirect.png using Guid(97259d0c0ea9f491692be825da27978a) Importer(815301076,1909f56bfc062723c751e8b465ee728b)  -> (artifact id: '40afcd0ecd76b7fb5739ac3812a31098') in 0.179332 seconds 
========================================================================
Received Import Request.
  Time since last request: 16.744212 seconds.
  path: Assets/Materials/Sky/AllSkyFree/Deep Dusk/Deep Dusk__Cam_0_Front+Z.png
  artifactKey: Guid(5fdaaa9d974104e6d8f9e575170a0c70) Importer(815301076,1909f56bfc062723c751e8b465ee728b)
Start importing Assets/Materials/Sky/AllSkyFree/Deep Dusk/Deep Dusk__Cam_0_Front+Z.png using Guid(5fdaaa9d974104e6d8f9e575170a0c70) Importer(815301076,1909f56bfc062723c751e8b465ee728b)  -> (artifact id: '05ab5a6f5388caf68b807a7febe6bcd1') in 0.015184 seconds 
========================================================================
Received Import Request.
  Time since last request: 0.000062 seconds.
  path: Assets/Materials/Sky/AllSkyFree/Deep Dusk/Deep Dusk__Cam_4_Up+Y.png
  artifactKey: Guid(d6efad16563c1446d86a121dbb004300) Importer(815301076,1909f56bfc062723c751e8b465ee728b)
Start importing Assets/Materials/Sky/AllSkyFree/Deep Dusk/Deep Dusk__Cam_4_Up+Y.png using Guid(d6efad16563c1446d86a121dbb004300) Importer(815301076,1909f56bfc062723c751e8b465ee728b)  -> (artifact id: '55f4b38611d384f5131a6c79620bb8f4') in 0.007264 seconds 
========================================================================
Received Import Request.
  Time since last request: 0.000062 seconds.
  path: Assets/Materials/Sky/AllSkyFree/Deep Dusk/Deep Dusk__Cam_5_Down-Y.png
  artifactKey: Guid(2e38ed7c39e8e4314930da8a86ae7a88) Importer(815301076,1909f56bfc062723c751e8b465ee728b)
Start importing Assets/Materials/Sky/AllSkyFree/Deep Dusk/Deep Dusk__Cam_5_Down-Y.png using Guid(2e38ed7c39e8e4314930da8a86ae7a88) Importer(815301076,1909f56bfc062723c751e8b465ee728b)  -> (artifact id: 'd6acfe8f0d08eb1904b92fb4ca59bf04') in 0.006389 seconds 
========================================================================
Received Import Request.
  Time since last request: 0.000048 seconds.
  path: Assets/Materials/Sky/AllSkyFree/Deep Dusk/Deep Dusk__Cam_3_Right-X.png
  artifactKey: Guid(47551dad0d90646a9a5dac436076f38a) Importer(815301076,1909f56bfc062723c751e8b465ee728b)
Start importing Assets/Materials/Sky/AllSkyFree/Deep Dusk/Deep Dusk__Cam_3_Right-X.png using Guid(47551dad0d90646a9a5dac436076f38a) Importer(815301076,1909f56bfc062723c751e8b465ee728b)  -> (artifact id: '6a29a06c9e2ed1c127bba6e33bca532e') in 0.006888 seconds 
========================================================================
Received Import Request.
  Time since last request: 1.002727 seconds.
  path: Assets/Materials/Sky/AllSkyFree/Deep Dusk/Deep Dusk Equirect.png
  artifactKey: Guid(66e51860485ae4048a30f7e029e65af7) Importer(815301076,1909f56bfc062723c751e8b465ee728b)
Start importing Assets/Materials/Sky/AllSkyFree/Deep Dusk/Deep Dusk Equirect.png using Guid(66e51860485ae4048a30f7e029e65af7) Importer(815301076,1909f56bfc062723c751e8b465ee728b)  -> (artifact id: 'b48b758038b1f7053ca4e429b6067da6') in 0.133861 seconds 
========================================================================
Received Import Request.
  Time since last request: 40.914859 seconds.
  path: Assets/Materials/Sky/AllSkyFree/Epic_BlueSunset/Epic_BlueSunset.mat
  artifactKey: Guid(7416536dbe0334cfd888dd1beb75a9fb) Importer(815301076,1909f56bfc062723c751e8b465ee728b)
Start importing Assets/Materials/Sky/AllSkyFree/Epic_BlueSunset/Epic_BlueSunset.mat using Guid(7416536dbe0334cfd888dd1beb75a9fb) Importer(815301076,1909f56bfc062723c751e8b465ee728b)  -> (artifact id: '8247ad7653cd9ffe08963212bdb51983') in 0.305635 seconds 
========================================================================
Received Import Request.
  Time since last request: 0.098914 seconds.
  path: Assets/Materials/Sky/AllSkyFree/Epic_GloriousPink/Epic_GloriousPink.mat
  artifactKey: Guid(8b7dd0809c7c6498789fa32a61eaa6cb) Importer(815301076,1909f56bfc062723c751e8b465ee728b)
Start importing Assets/Materials/Sky/AllSkyFree/Epic_GloriousPink/Epic_GloriousPink.mat using Guid(8b7dd0809c7c6498789fa32a61eaa6cb) Importer(815301076,1909f56bfc062723c751e8b465ee728b)  -> (artifact id: '249350dc60a9067b09028e48b6cd93de') in 0.022711 seconds 
========================================================================
Received Import Request.
  Time since last request: 0.000073 seconds.
  path: Assets/Materials/Sky/AllSkyFree/Epic_GloriousPink/Epic_GloriousPink_Cam_1_Back-Z.png
  artifactKey: Guid(8e7251cff63ea413db367d2893f57bf6) Importer(815301076,1909f56bfc062723c751e8b465ee728b)
Start importing Assets/Materials/Sky/AllSkyFree/Epic_GloriousPink/Epic_GloriousPink_Cam_1_Back-Z.png using Guid(8e7251cff63ea413db367d2893f57bf6) Importer(815301076,1909f56bfc062723c751e8b465ee728b)  -> (artifact id: '0c2bab8226e92bd29a7fc32029d824ac') in 0.005848 seconds 
========================================================================
Received Import Request.
  Time since last request: 0.000035 seconds.
  path: Assets/Materials/Sky/AllSkyFree/Epic_GloriousPink/Epic_GloriousPink_Cam_4_Up+Y.png
  artifactKey: Guid(c3e1d31cf8ef742ad8aed75a1fdaff49) Importer(815301076,1909f56bfc062723c751e8b465ee728b)
Start importing Assets/Materials/Sky/AllSkyFree/Epic_GloriousPink/Epic_GloriousPink_Cam_4_Up+Y.png using Guid(c3e1d31cf8ef742ad8aed75a1fdaff49) Importer(815301076,1909f56bfc062723c751e8b465ee728b)  -> (artifact id: '6af8f3d88cac2b459098eb6b511b6772') in 0.005114 seconds 
========================================================================
Received Import Request.
  Time since last request: 0.000047 seconds.
  path: Assets/Materials/Sky/AllSkyFree/Epic_GloriousPink/Epic_GloriousPink_EquiRect.png
  artifactKey: Guid(8a293ce833d584fc98516e0e74f495a4) Importer(815301076,1909f56bfc062723c751e8b465ee728b)
Start importing Assets/Materials/Sky/AllSkyFree/Epic_GloriousPink/Epic_GloriousPink_EquiRect.png using Guid(8a293ce833d584fc98516e0e74f495a4) Importer(815301076,1909f56bfc062723c751e8b465ee728b)  -> (artifact id: '5ad14e8d88725ad94f748b7970a74337') in 0.110753 seconds 
========================================================================
Received Import Request.
  Time since last request: 8.990152 seconds.
  path: Assets/Materials/Sky/AllSkyFree/Night MoonBurst/Night Moon Burst_Cam_0_Front+Z.png
  artifactKey: Guid(6faf329ad7f5a4920bd3e23e4b000057) Importer(815301076,1909f56bfc062723c751e8b465ee728b)
Start importing Assets/Materials/Sky/AllSkyFree/Night MoonBurst/Night Moon Burst_Cam_0_Front+Z.png using Guid(6faf329ad7f5a4920bd3e23e4b000057) Importer(815301076,1909f56bfc062723c751e8b465ee728b)  -> (artifact id: '78fec98a02c2879da3cb8b9d13d0fe1e') in 0.011801 seconds 
========================================================================
Received Import Request.
  Time since last request: 0.000076 seconds.
  path: Assets/Materials/Sky/AllSkyFree/Night MoonBurst/Night Moon Burst_Cam_3_Right-X.png
  artifactKey: Guid(8e462a9bf0b1941148e4318e741d7b09) Importer(815301076,1909f56bfc062723c751e8b465ee728b)
Start importing Assets/Materials/Sky/AllSkyFree/Night MoonBurst/Night Moon Burst_Cam_3_Right-X.png using Guid(8e462a9bf0b1941148e4318e741d7b09) Importer(815301076,1909f56bfc062723c751e8b465ee728b)  -> (artifact id: 'bfc824ce85d4f5d0ecf9a2930e6c67e1') in 0.009993 seconds 
========================================================================
Received Import Request.
  Time since last request: 0.000067 seconds.
  path: Assets/Materials/Sky/AllSkyFree/Night MoonBurst/Night Moon Burst_Cam_4_Up+Y.png
  artifactKey: Guid(544d3cf87e24a464fa433d08257479d1) Importer(815301076,1909f56bfc062723c751e8b465ee728b)
Start importing Assets/Materials/Sky/AllSkyFree/Night MoonBurst/Night Moon Burst_Cam_4_Up+Y.png using Guid(544d3cf87e24a464fa433d08257479d1) Importer(815301076,1909f56bfc062723c751e8b465ee728b)  -> (artifact id: '59a1df74ef0bae12351c51ef894efdf5') in 0.009492 seconds 
========================================================================
Received Import Request.
  Time since last request: 0.000072 seconds.
  path: Assets/Materials/Sky/AllSkyFree/Night MoonBurst/Night Moon Burst_Cam_1_Back-Z.png
  artifactKey: Guid(88710d7f2a0fa4bfeacbf7045be893fc) Importer(815301076,1909f56bfc062723c751e8b465ee728b)
Start importing Assets/Materials/Sky/AllSkyFree/Night MoonBurst/Night Moon Burst_Cam_1_Back-Z.png using Guid(88710d7f2a0fa4bfeacbf7045be893fc) Importer(815301076,1909f56bfc062723c751e8b465ee728b)  -> (artifact id: '5050c99d8e0985b458219b1f4f2f5c64') in 0.006643 seconds 
========================================================================
Received Import Request.
  Time since last request: 1.287653 seconds.
  path: Assets/Materials/Sky/AllSkyFree/Night MoonBurst/AllSky_Night_MoonBurst Equirect.png
  artifactKey: Guid(34a763168147f4182a21b9fd004d67de) Importer(815301076,1909f56bfc062723c751e8b465ee728b)
Start importing Assets/Materials/Sky/AllSkyFree/Night MoonBurst/AllSky_Night_MoonBurst Equirect.png using Guid(34a763168147f4182a21b9fd004d67de) Importer(815301076,1909f56bfc062723c751e8b465ee728b)  -> (artifact id: 'f03d0942aa6202ae2b1494502c5f8384') in 0.138917 seconds 
========================================================================
Received Prepare
Registering precompiled user dll's ...
Registered in 0.001293 seconds.
Begin MonoManager ReloadAssembly
Thread 0x16d43f000 may have been prematurely finalized
Symbol file LoadedFromMemory doesn't match image /Users/Shy/Documents/RandomEvents/Library/PackageCache/com.unity.visualscripting@1.8.0/Editor/VisualScripting.Core/Dependencies/YamlDotNet/Unity.VisualScripting.YamlDotNet.dll
Symbol file LoadedFromMemory doesn't match image /Users/Shy/Documents/RandomEvents/Library/PackageCache/com.unity.visualscripting@1.8.0/Editor/VisualScripting.Core/Dependencies/DotNetZip/Unity.VisualScripting.IonicZip.dll
Native extension for OSXStandalone target not found
Refreshing native plugins compatible for Editor in 0.39 ms, found 2 plugins.
Preloading 0 native plugins for Editor in 0.00 ms.
[ScriptCompilation] NOT recompiling all scripts because this is an import worker process. Reason to compile was: Define symbols changed
Mono: successfully reloaded assembly
- Completed reload, in  0.518 seconds
Domain Reload Profiling:
	ReloadAssembly (518ms)
		BeginReloadAssembly (89ms)
			ExecutionOrderSort (0ms)
			DisableScriptedObjects (3ms)
			BackupInstance (0ms)
			ReleaseScriptingObjects (0ms)
			CreateAndSetChildDomain (35ms)
		EndReloadAssembly (375ms)
			LoadAssemblies (38ms)
			RebuildTransferFunctionScriptingTraits (0ms)
			SetupTypeCache (134ms)
			ReleaseScriptCaches (1ms)
			RebuildScriptCaches (28ms)
			SetupLoadedEditorAssemblies (157ms)
				LogAssemblyErrors (0ms)
				InitializePlatformSupportModulesInManaged (2ms)
				SetLoadedEditorAssemblies (0ms)
				RefreshPlugins (0ms)
				BeforeProcessingInitializeOnLoad (32ms)
				ProcessInitializeOnLoadAttributes (111ms)
				ProcessInitializeOnLoadMethodAttributes (10ms)
				AfterProcessingInitializeOnLoad (1ms)
				EditorAssembliesLoaded (0ms)
			ExecutionOrderSort2 (0ms)
			AwakeInstancesAfterBackupRestoration (2ms)
Platform modules already initialized, skipping
Refreshing native plugins compatible for Editor in 0.71 ms, found 2 plugins.
Preloading 0 native plugins for Editor in 0.00 ms.
Unloading 3045 Unused Serialized files (Serialized files now loaded: 0)
Unloading 53 unused Assets / (2.9 MB). Loaded Objects now: 3589.
Memory consumption went from 132.8 MB to 129.9 MB.
Total: 2.435333 ms (FindLiveObjects: 0.108833 ms CreateObjectMapping: 0.037583 ms MarkObjects: 1.742208 ms  DeleteObjects: 0.545792 ms)

AssetImportParameters requested are different than current active one (requested -> active):
  custom:video-decoder-ogg-theora: a1e56fd34408186e4bbccfd4996cb3dc -> 
  custom:container-muxer-webm: aa71ff27fc2769a1b78a27578f13a17b -> 
  custom:container-demuxer-webm: 4f35f7cbe854078d1ac9338744f61a02 -> 
  custom:video-encoder-webm-vp8: eb34c28f22e8b96e1ab97ce403110664 -> 
  custom:framework-osx-AVFoundation: e770b220cccbd017edd2c1fefb359320 -> 
  custom:audio-encoder-webm-vorbis: bf7c407c2cedff20999df2af8eb42d56 -> 
  custom:container-demuxer-ogg: 62fdf1f143b41e24485cea50d1cbac27 -> 
  custom:video-decoder-webm-vp8: 9c59270c3fd7afecdb556c50c9e8de78 -> 
  custom:audio-decoder-ogg-vorbis: bf7c407c2cedff20999df2af8eb42d56 -> 
========================================================================
Received Prepare
Registering precompiled user dll's ...
Registered in 0.001312 seconds.
Begin MonoManager ReloadAssembly
Thread 0x16d43f000 may have been prematurely finalized
Symbol file LoadedFromMemory doesn't match image /Users/Shy/Documents/RandomEvents/Library/PackageCache/com.unity.visualscripting@1.8.0/Editor/VisualScripting.Core/Dependencies/YamlDotNet/Unity.VisualScripting.YamlDotNet.dll
Symbol file LoadedFromMemory doesn't match image /Users/Shy/Documents/RandomEvents/Library/PackageCache/com.unity.visualscripting@1.8.0/Editor/VisualScripting.Core/Dependencies/DotNetZip/Unity.VisualScripting.IonicZip.dll
Native extension for OSXStandalone target not found
Refreshing native plugins compatible for Editor in 0.35 ms, found 2 plugins.
Preloading 0 native plugins for Editor in 0.00 ms.
Mono: successfully reloaded assembly
- Completed reload, in  0.503 seconds
Domain Reload Profiling:
	ReloadAssembly (504ms)
		BeginReloadAssembly (80ms)
			ExecutionOrderSort (0ms)
			DisableScriptedObjects (3ms)
			BackupInstance (0ms)
			ReleaseScriptingObjects (0ms)
			CreateAndSetChildDomain (25ms)
		EndReloadAssembly (371ms)
			LoadAssemblies (39ms)
			RebuildTransferFunctionScriptingTraits (0ms)
			SetupTypeCache (131ms)
			ReleaseScriptCaches (1ms)
			RebuildScriptCaches (26ms)
			SetupLoadedEditorAssemblies (155ms)
				LogAssemblyErrors (0ms)
				InitializePlatformSupportModulesInManaged (2ms)
				SetLoadedEditorAssemblies (0ms)
				RefreshPlugins (0ms)
				BeforeProcessingInitializeOnLoad (29ms)
				ProcessInitializeOnLoadAttributes (111ms)
				ProcessInitializeOnLoadMethodAttributes (10ms)
				AfterProcessingInitializeOnLoad (1ms)
				EditorAssembliesLoaded (0ms)
			ExecutionOrderSort2 (0ms)
			AwakeInstancesAfterBackupRestoration (2ms)
Platform modules already initialized, skipping
Refreshing native plugins compatible for Editor in 0.75 ms, found 2 plugins.
Preloading 0 native plugins for Editor in 0.00 ms.
Unloading 3045 Unused Serialized files (Serialized files now loaded: 0)
Unloading 53 unused Assets / (2.9 MB). Loaded Objects now: 3592.
Memory consumption went from 132.8 MB to 129.9 MB.
Total: 2.760375 ms (FindLiveObjects: 0.118375 ms CreateObjectMapping: 0.037375 ms MarkObjects: 2.007334 ms  DeleteObjects: 0.596583 ms)

AssetImportParameters requested are different than current active one (requested -> active):
  custom:video-decoder-ogg-theora: a1e56fd34408186e4bbccfd4996cb3dc -> 
  custom:container-muxer-webm: aa71ff27fc2769a1b78a27578f13a17b -> 
  custom:container-demuxer-webm: 4f35f7cbe854078d1ac9338744f61a02 -> 
  custom:video-encoder-webm-vp8: eb34c28f22e8b96e1ab97ce403110664 -> 
  custom:framework-osx-AVFoundation: e770b220cccbd017edd2c1fefb359320 -> 
  custom:audio-encoder-webm-vorbis: bf7c407c2cedff20999df2af8eb42d56 -> 
  custom:container-demuxer-ogg: 62fdf1f143b41e24485cea50d1cbac27 -> 
  custom:video-decoder-webm-vp8: 9c59270c3fd7afecdb556c50c9e8de78 -> 
  custom:audio-decoder-ogg-vorbis: bf7c407c2cedff20999df2af8eb42d56 -> 
========================================================================
Received Prepare
Registering precompiled user dll's ...
Registered in 0.001269 seconds.
Begin MonoManager ReloadAssembly
Thread 0x16d43f000 may have been prematurely finalized
Symbol file LoadedFromMemory doesn't match image /Users/Shy/Documents/RandomEvents/Library/PackageCache/com.unity.visualscripting@1.8.0/Editor/VisualScripting.Core/Dependencies/YamlDotNet/Unity.VisualScripting.YamlDotNet.dll
Symbol file LoadedFromMemory doesn't match image /Users/Shy/Documents/RandomEvents/Library/PackageCache/com.unity.visualscripting@1.8.0/Editor/VisualScripting.Core/Dependencies/DotNetZip/Unity.VisualScripting.IonicZip.dll
Native extension for OSXStandalone target not found
Refreshing native plugins compatible for Editor in 0.34 ms, found 2 plugins.
Preloading 0 native plugins for Editor in 0.00 ms.
Mono: successfully reloaded assembly
- Completed reload, in  0.506 seconds
Domain Reload Profiling:
	ReloadAssembly (507ms)
		BeginReloadAssembly (73ms)
			ExecutionOrderSort (0ms)
			DisableScriptedObjects (3ms)
			BackupInstance (0ms)
			ReleaseScriptingObjects (0ms)
			CreateAndSetChildDomain (23ms)
		EndReloadAssembly (381ms)
			LoadAssemblies (33ms)
			RebuildTransferFunctionScriptingTraits (0ms)
			SetupTypeCache (126ms)
			ReleaseScriptCaches (1ms)
			RebuildScriptCaches (27ms)
			SetupLoadedEditorAssemblies (173ms)
				LogAssemblyErrors (0ms)
				InitializePlatformSupportModulesInManaged (2ms)
				SetLoadedEditorAssemblies (0ms)
				RefreshPlugins (0ms)
				BeforeProcessingInitializeOnLoad (33ms)
				ProcessInitializeOnLoadAttributes (125ms)
				ProcessInitializeOnLoadMethodAttributes (12ms)
				AfterProcessingInitializeOnLoad (1ms)
				EditorAssembliesLoaded (0ms)
			ExecutionOrderSort2 (0ms)
			AwakeInstancesAfterBackupRestoration (3ms)
Platform modules already initialized, skipping
Refreshing native plugins compatible for Editor in 0.79 ms, found 2 plugins.
Preloading 0 native plugins for Editor in 0.00 ms.
Unloading 3045 Unused Serialized files (Serialized files now loaded: 0)
Unloading 53 unused Assets / (2.9 MB). Loaded Objects now: 3595.
Memory consumption went from 132.8 MB to 129.9 MB.
Total: 2.855333 ms (FindLiveObjects: 0.111625 ms CreateObjectMapping: 0.038875 ms MarkObjects: 2.053750 ms  DeleteObjects: 0.650375 ms)

AssetImportParameters requested are different than current active one (requested -> active):
  custom:video-decoder-ogg-theora: a1e56fd34408186e4bbccfd4996cb3dc -> 
  custom:container-muxer-webm: aa71ff27fc2769a1b78a27578f13a17b -> 
  custom:container-demuxer-webm: 4f35f7cbe854078d1ac9338744f61a02 -> 
  custom:video-encoder-webm-vp8: eb34c28f22e8b96e1ab97ce403110664 -> 
  custom:framework-osx-AVFoundation: e770b220cccbd017edd2c1fefb359320 -> 
  custom:audio-encoder-webm-vorbis: bf7c407c2cedff20999df2af8eb42d56 -> 
  custom:container-demuxer-ogg: 62fdf1f143b41e24485cea50d1cbac27 -> 
  custom:video-decoder-webm-vp8: 9c59270c3fd7afecdb556c50c9e8de78 -> 
  custom:audio-decoder-ogg-vorbis: bf7c407c2cedff20999df2af8eb42d56 -> 
========================================================================
Received Prepare
Registering precompiled user dll's ...
Registered in 0.001215 seconds.
Begin MonoManager ReloadAssembly
Thread 0x16d43f000 may have been prematurely finalized
Symbol file LoadedFromMemory doesn't match image /Users/Shy/Documents/RandomEvents/Library/PackageCache/com.unity.visualscripting@1.8.0/Editor/VisualScripting.Core/Dependencies/YamlDotNet/Unity.VisualScripting.YamlDotNet.dll
Symbol file LoadedFromMemory doesn't match image /Users/Shy/Documents/RandomEvents/Library/PackageCache/com.unity.visualscripting@1.8.0/Editor/VisualScripting.Core/Dependencies/DotNetZip/Unity.VisualScripting.IonicZip.dll
Native extension for OSXStandalone target not found
Refreshing native plugins compatible for Editor in 0.69 ms, found 2 plugins.
Preloading 0 native plugins for Editor in 0.00 ms.
Mono: successfully reloaded assembly
- Completed reload, in  0.528 seconds
Domain Reload Profiling:
	ReloadAssembly (528ms)
		BeginReloadAssembly (75ms)
			ExecutionOrderSort (0ms)
			DisableScriptedObjects (3ms)
			BackupInstance (0ms)
			ReleaseScriptingObjects (0ms)
			CreateAndSetChildDomain (24ms)
		EndReloadAssembly (402ms)
			LoadAssemblies (35ms)
			RebuildTransferFunctionScriptingTraits (0ms)
			SetupTypeCache (142ms)
			ReleaseScriptCaches (1ms)
			RebuildScriptCaches (31ms)
			SetupLoadedEditorAssemblies (169ms)
				LogAssemblyErrors (0ms)
				InitializePlatformSupportModulesInManaged (2ms)
				SetLoadedEditorAssemblies (0ms)
				RefreshPlugins (1ms)
				BeforeProcessingInitializeOnLoad (32ms)
				ProcessInitializeOnLoadAttributes (121ms)
				ProcessInitializeOnLoadMethodAttributes (11ms)
				AfterProcessingInitializeOnLoad (1ms)
				EditorAssembliesLoaded (0ms)
			ExecutionOrderSort2 (0ms)
			AwakeInstancesAfterBackupRestoration (2ms)
Platform modules already initialized, skipping
Refreshing native plugins compatible for Editor in 1.17 ms, found 2 plugins.
Preloading 0 native plugins for Editor in 0.00 ms.
Unloading 3045 Unused Serialized files (Serialized files now loaded: 0)
Unloading 53 unused Assets / (2.9 MB). Loaded Objects now: 3598.
Memory consumption went from 132.8 MB to 129.9 MB.
Total: 2.834833 ms (FindLiveObjects: 0.154250 ms CreateObjectMapping: 0.035959 ms MarkObjects: 2.043708 ms  DeleteObjects: 0.600000 ms)

AssetImportParameters requested are different than current active one (requested -> active):
  custom:video-decoder-ogg-theora: a1e56fd34408186e4bbccfd4996cb3dc -> 
  custom:container-muxer-webm: aa71ff27fc2769a1b78a27578f13a17b -> 
  custom:container-demuxer-webm: 4f35f7cbe854078d1ac9338744f61a02 -> 
  custom:video-encoder-webm-vp8: eb34c28f22e8b96e1ab97ce403110664 -> 
  custom:framework-osx-AVFoundation: e770b220cccbd017edd2c1fefb359320 -> 
  custom:audio-encoder-webm-vorbis: bf7c407c2cedff20999df2af8eb42d56 -> 
  custom:container-demuxer-ogg: 62fdf1f143b41e24485cea50d1cbac27 -> 
  custom:video-decoder-webm-vp8: 9c59270c3fd7afecdb556c50c9e8de78 -> 
  custom:audio-decoder-ogg-vorbis: bf7c407c2cedff20999df2af8eb42d56 -> 
========================================================================
Received Prepare
Registering precompiled user dll's ...
Registered in 0.001202 seconds.
Begin MonoManager ReloadAssembly
Thread 0x16d43f000 may have been prematurely finalized
Symbol file LoadedFromMemory doesn't match image /Users/Shy/Documents/RandomEvents/Library/PackageCache/com.unity.visualscripting@1.8.0/Editor/VisualScripting.Core/Dependencies/YamlDotNet/Unity.VisualScripting.YamlDotNet.dll
Symbol file LoadedFromMemory doesn't match image /Users/Shy/Documents/RandomEvents/Library/PackageCache/com.unity.visualscripting@1.8.0/Editor/VisualScripting.Core/Dependencies/DotNetZip/Unity.VisualScripting.IonicZip.dll
Native extension for OSXStandalone target not found
Refreshing native plugins compatible for Editor in 0.43 ms, found 2 plugins.
Preloading 0 native plugins for Editor in 0.00 ms.
Mono: successfully reloaded assembly
- Completed reload, in  0.547 seconds
Domain Reload Profiling:
	ReloadAssembly (548ms)
		BeginReloadAssembly (77ms)
			ExecutionOrderSort (0ms)
			DisableScriptedObjects (3ms)
			BackupInstance (0ms)
			ReleaseScriptingObjects (0ms)
			CreateAndSetChildDomain (26ms)
		EndReloadAssembly (418ms)
			LoadAssemblies (35ms)
			RebuildTransferFunctionScriptingTraits (0ms)
			SetupTypeCache (147ms)
			ReleaseScriptCaches (1ms)
			RebuildScriptCaches (33ms)
			SetupLoadedEditorAssemblies (174ms)
				LogAssemblyErrors (0ms)
				InitializePlatformSupportModulesInManaged (2ms)
				SetLoadedEditorAssemblies (0ms)
				RefreshPlugins (0ms)
				BeforeProcessingInitializeOnLoad (34ms)
				ProcessInitializeOnLoadAttributes (124ms)
				ProcessInitializeOnLoadMethodAttributes (11ms)
				AfterProcessingInitializeOnLoad (1ms)
				EditorAssembliesLoaded (0ms)
			ExecutionOrderSort2 (0ms)
			AwakeInstancesAfterBackupRestoration (3ms)
Platform modules already initialized, skipping
Refreshing native plugins compatible for Editor in 1.13 ms, found 2 plugins.
Preloading 0 native plugins for Editor in 0.00 ms.
Unloading 3045 Unused Serialized files (Serialized files now loaded: 0)
Unloading 53 unused Assets / (2.9 MB). Loaded Objects now: 3601.
Memory consumption went from 132.8 MB to 129.9 MB.
Total: 2.910459 ms (FindLiveObjects: 0.132750 ms CreateObjectMapping: 0.040292 ms MarkObjects: 2.005000 ms  DeleteObjects: 0.732292 ms)

AssetImportParameters requested are different than current active one (requested -> active):
  custom:video-decoder-ogg-theora: a1e56fd34408186e4bbccfd4996cb3dc -> 
  custom:container-muxer-webm: aa71ff27fc2769a1b78a27578f13a17b -> 
  custom:container-demuxer-webm: 4f35f7cbe854078d1ac9338744f61a02 -> 
  custom:video-encoder-webm-vp8: eb34c28f22e8b96e1ab97ce403110664 -> 
  custom:framework-osx-AVFoundation: e770b220cccbd017edd2c1fefb359320 -> 
  custom:audio-encoder-webm-vorbis: bf7c407c2cedff20999df2af8eb42d56 -> 
  custom:container-demuxer-ogg: 62fdf1f143b41e24485cea50d1cbac27 -> 
  custom:video-decoder-webm-vp8: 9c59270c3fd7afecdb556c50c9e8de78 -> 
  custom:audio-decoder-ogg-vorbis: bf7c407c2cedff20999df2af8eb42d56 -> 
========================================================================
Received Prepare
Registering precompiled user dll's ...
Registered in 0.001112 seconds.
Begin MonoManager ReloadAssembly
Thread 0x16d43f000 may have been prematurely finalized
Symbol file LoadedFromMemory doesn't match image /Users/Shy/Documents/RandomEvents/Library/PackageCache/com.unity.visualscripting@1.8.0/Editor/VisualScripting.Core/Dependencies/YamlDotNet/Unity.VisualScripting.YamlDotNet.dll
Symbol file LoadedFromMemory doesn't match image /Users/Shy/Documents/RandomEvents/Library/PackageCache/com.unity.visualscripting@1.8.0/Editor/VisualScripting.Core/Dependencies/DotNetZip/Unity.VisualScripting.IonicZip.dll
Native extension for OSXStandalone target not found
Refreshing native plugins compatible for Editor in 0.36 ms, found 2 plugins.
Preloading 0 native plugins for Editor in 0.00 ms.
Mono: successfully reloaded assembly
- Completed reload, in  0.520 seconds
Domain Reload Profiling:
	ReloadAssembly (520ms)
		BeginReloadAssembly (75ms)
			ExecutionOrderSort (0ms)
			DisableScriptedObjects (3ms)
			BackupInstance (0ms)
			ReleaseScriptingObjects (0ms)
			CreateAndSetChildDomain (24ms)
		EndReloadAssembly (390ms)
			LoadAssemblies (34ms)
			RebuildTransferFunctionScriptingTraits (0ms)
			SetupTypeCache (132ms)
			ReleaseScriptCaches (1ms)
			RebuildScriptCaches (27ms)
			SetupLoadedEditorAssemblies (174ms)
				LogAssemblyErrors (0ms)
				InitializePlatformSupportModulesInManaged (3ms)
				SetLoadedEditorAssemblies (0ms)
				RefreshPlugins (0ms)
				BeforeProcessingInitializeOnLoad (31ms)
				ProcessInitializeOnLoadAttributes (126ms)
				ProcessInitializeOnLoadMethodAttributes (12ms)
				AfterProcessingInitializeOnLoad (1ms)
				EditorAssembliesLoaded (0ms)
			ExecutionOrderSort2 (0ms)
			AwakeInstancesAfterBackupRestoration (2ms)
Platform modules already initialized, skipping
Refreshing native plugins compatible for Editor in 1.30 ms, found 2 plugins.
Preloading 0 native plugins for Editor in 0.00 ms.
Unloading 3045 Unused Serialized files (Serialized files now loaded: 0)
Unloading 53 unused Assets / (2.9 MB). Loaded Objects now: 3604.
Memory consumption went from 132.8 MB to 130.0 MB.
Total: 3.056416 ms (FindLiveObjects: 0.116084 ms CreateObjectMapping: 0.037792 ms MarkObjects: 2.258042 ms  DeleteObjects: 0.643666 ms)

AssetImportParameters requested are different than current active one (requested -> active):
  custom:video-decoder-ogg-theora: a1e56fd34408186e4bbccfd4996cb3dc -> 
  custom:container-muxer-webm: aa71ff27fc2769a1b78a27578f13a17b -> 
  custom:container-demuxer-webm: 4f35f7cbe854078d1ac9338744f61a02 -> 
  custom:video-encoder-webm-vp8: eb34c28f22e8b96e1ab97ce403110664 -> 
  custom:framework-osx-AVFoundation: e770b220cccbd017edd2c1fefb359320 -> 
  custom:audio-encoder-webm-vorbis: bf7c407c2cedff20999df2af8eb42d56 -> 
  custom:container-demuxer-ogg: 62fdf1f143b41e24485cea50d1cbac27 -> 
  custom:video-decoder-webm-vp8: 9c59270c3fd7afecdb556c50c9e8de78 -> 
  custom:audio-decoder-ogg-vorbis: bf7c407c2cedff20999df2af8eb42d56 -> 
========================================================================
Received Import Request.
  Time since last request: 843.070196 seconds.
  path: Assets/Materials/Sky/AllSkyFree/Overcast Low/AllSky_Overcast4_Low.mat
  artifactKey: Guid(f2b5f3f20933f434e850db1b710542fd) Importer(815301076,1909f56bfc062723c751e8b465ee728b)
Start importing Assets/Materials/Sky/AllSkyFree/Overcast Low/AllSky_Overcast4_Low.mat using Guid(f2b5f3f20933f434e850db1b710542fd) Importer(815301076,1909f56bfc062723c751e8b465ee728b)  -> (artifact id: 'af62829a62e6d2802149b36adf601636') in 0.339005 seconds 
========================================================================
Received Import Request.
  Time since last request: 0.000068 seconds.
  path: Assets/Materials/Sky/AllSkyFree/_AllSkyFreeDemoEnvironment/Materials/rock.mat
  artifactKey: Guid(51dc696c8ce2945ce968026f5776ca52) Importer(815301076,1909f56bfc062723c751e8b465ee728b)
Start importing Assets/Materials/Sky/AllSkyFree/_AllSkyFreeDemoEnvironment/Materials/rock.mat using Guid(51dc696c8ce2945ce968026f5776ca52) Importer(815301076,1909f56bfc062723c751e8b465ee728b)  -> (artifact id: '309ed743ac527aad72de7d082f9d342d') in 0.027465 seconds 
========================================================================
Received Import Request.
  Time since last request: 0.002351 seconds.
  path: Assets/Materials/Sky/AllSkyFree/Overcast Low/AllSky_Overcast4_Low Equirect.mat
  artifactKey: Guid(54fe2f000ad8f424fb63cc3ea0ae2bb2) Importer(815301076,1909f56bfc062723c751e8b465ee728b)
Start importing Assets/Materials/Sky/AllSkyFree/Overcast Low/AllSky_Overcast4_Low Equirect.mat using Guid(54fe2f000ad8f424fb63cc3ea0ae2bb2) Importer(815301076,1909f56bfc062723c751e8b465ee728b)  -> (artifact id: 'b7edd56d22f1ae332eee1d27fbe34c8e') in 0.065572 seconds 
========================================================================
Received Import Request.
  Time since last request: 0.000054 seconds.
  path: Assets/Materials/Sky/AllSkyFree/_AllSkyFreeDemoEnvironment/Materials/AllSkyDemoEnv_Landscape.mat
  artifactKey: Guid(010dd68491d1d4a1692a6d2272e5cb69) Importer(815301076,1909f56bfc062723c751e8b465ee728b)
Start importing Assets/Materials/Sky/AllSkyFree/_AllSkyFreeDemoEnvironment/Materials/AllSkyDemoEnv_Landscape.mat using Guid(010dd68491d1d4a1692a6d2272e5cb69) Importer(815301076,1909f56bfc062723c751e8b465ee728b)  -> (artifact id: 'a36e8ae48b1e99926e5656fc02408901') in 0.004667 seconds 
========================================================================
Received Import Request.
  Time since last request: 0.000099 seconds.
  path: Assets/Materials/Sky/AllSkyFree/Cartoon Base BlueSky/Day_BlueSky_Nothing Equirect.mat
  artifactKey: Guid(73324b55f67f54c7bbf43204788b8bbe) Importer(815301076,1909f56bfc062723c751e8b465ee728b)
Start importing Assets/Materials/Sky/AllSkyFree/Cartoon Base BlueSky/Day_BlueSky_Nothing Equirect.mat using Guid(73324b55f67f54c7bbf43204788b8bbe) Importer(815301076,1909f56bfc062723c751e8b465ee728b)  -> (artifact id: '3a551def1b25ada7d274579114331818') in 0.015684 seconds 
========================================================================
Received Import Request.
  Time since last request: 0.000039 seconds.
  path: Assets/Materials/Sky/AllSkyFree/Deep Dusk/Materials/Deep Dusk Equirect.mat
  artifactKey: Guid(4f716c6767dc249d08318c803011aacd) Importer(815301076,1909f56bfc062723c751e8b465ee728b)
Start importing Assets/Materials/Sky/AllSkyFree/Deep Dusk/Materials/Deep Dusk Equirect.mat using Guid(4f716c6767dc249d08318c803011aacd) Importer(815301076,1909f56bfc062723c751e8b465ee728b)  -> (artifact id: 'cc207dbb428fa2111bae6a92ec8ad9c2') in 0.017731 seconds 
========================================================================
Received Import Request.
  Time since last request: 0.000062 seconds.
  path: Assets/Materials/Sky/AllSkyFree/_AllSkyFreeDemoEnvironment/Materials/AllSkyDemoEnv_FlagGreen.mat
  artifactKey: Guid(0acfc71c325c54b92add0b07097b6c57) Importer(815301076,1909f56bfc062723c751e8b465ee728b)
Start importing Assets/Materials/Sky/AllSkyFree/_AllSkyFreeDemoEnvironment/Materials/AllSkyDemoEnv_FlagGreen.mat using Guid(0acfc71c325c54b92add0b07097b6c57) Importer(815301076,1909f56bfc062723c751e8b465ee728b)  -> (artifact id: 'c194a40ed5744f6805e5eaaa787d7c56') in 0.006691 seconds 
========================================================================
Received Import Request.
  Time since last request: 0.000045 seconds.
  path: Assets/Materials/Sky/AllSkyFree/_AllSkyFreeDemoEnvironment/Materials/AllSkyDemoEnv_MountainGlow.mat
  artifactKey: Guid(1d924399aa96d4378b9c507b7669a4f4) Importer(815301076,1909f56bfc062723c751e8b465ee728b)
Start importing Assets/Materials/Sky/AllSkyFree/_AllSkyFreeDemoEnvironment/Materials/AllSkyDemoEnv_MountainGlow.mat using Guid(1d924399aa96d4378b9c507b7669a4f4) Importer(815301076,1909f56bfc062723c751e8b465ee728b)  -> (artifact id: '8f09024ec29aacb0b60b122f51272c38') in 0.023629 seconds 
========================================================================
Received Import Request.
  Time since last request: 0.000063 seconds.
  path: Assets/Materials/Sky/AllSkyFree/_AllSkyFreeDemoEnvironment/Materials/AllSkyDemoEnv_Rock.mat
  artifactKey: Guid(bfe0cbb8b308b4a40a8f309f516eede2) Importer(815301076,1909f56bfc062723c751e8b465ee728b)
Start importing Assets/Materials/Sky/AllSkyFree/_AllSkyFreeDemoEnvironment/Materials/AllSkyDemoEnv_Rock.mat using Guid(bfe0cbb8b308b4a40a8f309f516eede2) Importer(815301076,1909f56bfc062723c751e8b465ee728b)  -> (artifact id: '0b3f7af478e13ab77603696178ba1ee3') in 0.004544 seconds 
========================================================================
Received Import Request.
  Time since last request: 0.000043 seconds.
  path: Assets/Materials/Sky/AllSkyFree/Space_AnotherPlanet/AllSky_Space_AnotherPlanet Equirect.mat
  artifactKey: Guid(13f6e5eed33d84c76979f1ec06b5e48c) Importer(815301076,1909f56bfc062723c751e8b465ee728b)
Start importing Assets/Materials/Sky/AllSkyFree/Space_AnotherPlanet/AllSky_Space_AnotherPlanet Equirect.mat using Guid(13f6e5eed33d84c76979f1ec06b5e48c) Importer(815301076,1909f56bfc062723c751e8b465ee728b)  -> (artifact id: '3c69cf4276a8c3c17edb66997a77e975') in 0.014795 seconds 
========================================================================
Received Import Request.
  Time since last request: 0.000041 seconds.
  path: Assets/Materials/Sky/AllSkyFree/Cartoon Base NightSky/Cartoon Base NightSky Equirect.mat
  artifactKey: Guid(3a6db933fef1d4c759bf21220420505f) Importer(815301076,1909f56bfc062723c751e8b465ee728b)
Start importing Assets/Materials/Sky/AllSkyFree/Cartoon Base NightSky/Cartoon Base NightSky Equirect.mat using Guid(3a6db933fef1d4c759bf21220420505f) Importer(815301076,1909f56bfc062723c751e8b465ee728b)  -> (artifact id: '0f9ba7f38b472f90835118ac48522395') in 0.017436 seconds 
